gene_id,cluster_id,cluster_label
ENSG00000010292.12,1,Delayed Proliferative
ENSG00000138778.11,1,Delayed Proliferative
ENSG00000138160.5,1,Delayed Proliferative
ENSG00000131747.14,1,Delayed Proliferative
ENSG00000117724.12,1,Delayed Proliferative
ENSG00000066279.17,1,Delayed Proliferative
ENSG00000163808.16,1,Delayed Proliferative
ENSG00000035499.12,1,Delayed Proliferative
ENSG00000088325.15,1,Delayed Proliferative
ENSG00000137812.19,1,Delayed Proliferative
ENSG00000133026.12,1,Delayed Proliferative
ENSG00000123360.11,1,Delayed Proliferative
ENSG00000118193.11,1,Delayed Proliferative
ENSG00000122966.15,1,Delayed Proliferative
ENSG00000136108.14,1,Delayed Proliferative
ENSG00000072571.19,1,Delayed Proliferative
ENSG00000076382.16,1,Delayed Proliferative
ENSG00000080986.12,1,Delayed Proliferative
ENSG00000214900.9,1,Delayed Proliferative
ENSG00000169679.14,1,Delayed Proliferative
ENSG00000113810.15,1,Delayed Proliferative
ENSG00000081181.7,1,Delayed Proliferative
ENSG00000146918.19,1,Delayed Proliferative
ENSG00000105379.9,1,Delayed Proliferative
ENSG00000137804.12,1,Delayed Proliferative
ENSG00000169607.12,1,Delayed Proliferative
ENSG00000183765.21,1,Delayed Proliferative
ENSG00000143228.12,1,Delayed Proliferative
ENSG00000133805.15,1,Delayed Proliferative
ENSG00000115425.13,1,Delayed Proliferative
ENSG00000148773.13,1,Delayed Proliferative
ENSG00000111665.11,1,Delayed Proliferative
ENSG00000067992.13,1,Delayed Proliferative
ENSG00000126787.12,1,Delayed Proliferative
ENSG00000100526.19,1,Delayed Proliferative
ENSG00000143409.15,1,Delayed Proliferative
ENSG00000157303.10,1,Delayed Proliferative
ENSG00000213390.10,1,Delayed Proliferative
ENSG00000163535.17,1,Delayed Proliferative
ENSG00000156970.12,1,Delayed Proliferative
ENSG00000117632.22,1,Delayed Proliferative
ENSG00000138180.15,1,Delayed Proliferative
ENSG00000170312.15,1,Delayed Proliferative
ENSG00000109685.17,1,Delayed Proliferative
ENSG00000149503.12,1,Delayed Proliferative
ENSG00000134690.10,1,Delayed Proliferative
ENSG00000079616.12,1,Delayed Proliferative
ENSG00000142945.12,1,Delayed Proliferative
ENSG00000109805.9,1,Delayed Proliferative
ENSG00000167315.17,1,Delayed Proliferative
ENSG00000198771.10,1,Delayed Proliferative
ENSG00000137880.5,1,Delayed Proliferative
ENSG00000107819.13,1,Delayed Proliferative
ENSG00000013810.18,1,Delayed Proliferative
ENSG00000137767.13,1,Delayed Proliferative
ENSG00000005448.16,1,Delayed Proliferative
ENSG00000157456.7,1,Delayed Proliferative
ENSG00000136717.14,1,Delayed Proliferative
ENSG00000123485.11,1,Delayed Proliferative
ENSG00000124181.14,1,Delayed Proliferative
ENSG00000137135.17,1,Delayed Proliferative
ENSG00000112992.16,1,Delayed Proliferative
ENSG00000182054.9,1,Delayed Proliferative
ENSG00000176171.11,1,Delayed Proliferative
ENSG00000090889.11,1,Delayed Proliferative
ENSG00000133816.15,1,Delayed Proliferative
ENSG00000162063.12,1,Delayed Proliferative
ENSG00000139182.14,1,Delayed Proliferative
ENSG00000005187.11,1,Delayed Proliferative
ENSG00000171097.13,1,Delayed Proliferative
ENSG00000100802.14,1,Delayed Proliferative
ENSG00000092964.17,1,Delayed Proliferative
ENSG00000275713.2,1,Delayed Proliferative
ENSG00000184661.13,1,Delayed Proliferative
ENSG00000100578.14,1,Delayed Proliferative
ENSG00000119471.14,1,Delayed Proliferative
ENSG00000119403.14,1,Delayed Proliferative
ENSG00000111348.8,1,Delayed Proliferative
ENSG00000164611.12,1,Delayed Proliferative
ENSG00000125629.14,1,Delayed Proliferative
ENSG00000053371.12,1,Delayed Proliferative
ENSG00000163516.13,1,Delayed Proliferative
ENSG00000119711.12,1,Delayed Proliferative
ENSG00000175063.16,1,Delayed Proliferative
ENSG00000131069.19,1,Delayed Proliferative
ENSG00000238105.7,1,Delayed Proliferative
ENSG00000011638.10,1,Delayed Proliferative
ENSG00000204272.12,1,Delayed Proliferative
ENSG00000099204.19,1,Delayed Proliferative
ENSG00000005189.19,1,Delayed Proliferative
ENSG00000087586.17,1,Delayed Proliferative
ENSG00000162511.7,1,Delayed Proliferative
ENSG00000137807.15,1,Delayed Proliferative
ENSG00000011426.10,1,Delayed Proliferative
ENSG00000274267.1,1,Delayed Proliferative
ENSG00000102882.11,1,Delayed Proliferative
ENSG00000102007.10,1,Delayed Proliferative
ENSG00000160298.17,1,Delayed Proliferative
ENSG00000149269.9,1,Delayed Proliferative
ENSG00000164104.11,1,Delayed Proliferative
ENSG00000054965.10,1,Delayed Proliferative
ENSG00000176438.12,1,Delayed Proliferative
ENSG00000155111.14,1,Delayed Proliferative
ENSG00000129484.13,1,Delayed Proliferative
ENSG00000084112.14,1,Delayed Proliferative
ENSG00000161888.11,1,Delayed Proliferative
ENSG00000186522.14,1,Delayed Proliferative
ENSG00000188610.12,1,Delayed Proliferative
ENSG00000166147.13,1,Delayed Proliferative
ENSG00000183137.14,1,Delayed Proliferative
ENSG00000125170.10,1,Delayed Proliferative
ENSG00000079691.17,1,Delayed Proliferative
ENSG00000141298.18,1,Delayed Proliferative
ENSG00000132718.8,1,Delayed Proliferative
ENSG00000075218.18,1,Delayed Proliferative
ENSG00000005844.17,1,Delayed Proliferative
ENSG00000115163.14,1,Delayed Proliferative
ENSG00000023697.12,1,Delayed Proliferative
ENSG00000106789.12,1,Delayed Proliferative
ENSG00000225697.12,1,Delayed Proliferative
ENSG00000196747.4,1,Delayed Proliferative
ENSG00000260822.1,1,Delayed Proliferative
ENSG00000087903.12,1,Delayed Proliferative
ENSG00000145386.9,1,Delayed Proliferative
ENSG00000079257.7,1,Delayed Proliferative
ENSG00000140575.12,1,Delayed Proliferative
ENSG00000160352.15,1,Delayed Proliferative
ENSG00000132535.19,1,Delayed Proliferative
ENSG00000095321.16,1,Delayed Proliferative
ENSG00000029993.14,1,Delayed Proliferative
ENSG00000117650.12,1,Delayed Proliferative
ENSG00000107742.12,1,Delayed Proliferative
ENSG00000135451.12,1,Delayed Proliferative
ENSG00000140534.13,1,Delayed Proliferative
ENSG00000129534.13,1,Delayed Proliferative
ENSG00000274290.2,1,Delayed Proliferative
ENSG00000160299.16,1,Delayed Proliferative
ENSG00000273703.1,1,Delayed Proliferative
ENSG00000141480.17,1,Delayed Proliferative
ENSG00000116017.10,1,Delayed Proliferative
ENSG00000115306.15,1,Delayed Proliferative
ENSG00000273983.1,1,Delayed Proliferative
ENSG00000149932.16,1,Delayed Proliferative
ENSG00000160183.14,1,Delayed Proliferative
ENSG00000142082.14,1,Delayed Proliferative
ENSG00000170275.14,1,Delayed Proliferative
ENSG00000161800.12,1,Delayed Proliferative
ENSG00000168918.13,1,Delayed Proliferative
ENSG00000184117.11,1,Delayed Proliferative
ENSG00000169032.9,1,Delayed Proliferative
ENSG00000185130.5,1,Delayed Proliferative
ENSG00000141959.16,1,Delayed Proliferative
ENSG00000105223.19,1,Delayed Proliferative
ENSG00000163689.20,1,Delayed Proliferative
ENSG00000104774.12,1,Delayed Proliferative
ENSG00000081760.16,1,Delayed Proliferative
ENSG00000072818.11,1,Delayed Proliferative
ENSG00000111674.8,1,Delayed Proliferative
ENSG00000184357.4,1,Delayed Proliferative
ENSG00000259768.5,1,Delayed Proliferative
ENSG00000171105.13,1,Delayed Proliferative
ENSG00000133318.13,1,Delayed Proliferative
ENSG00000139734.18,1,Delayed Proliferative
ENSG00000103381.11,1,Delayed Proliferative
ENSG00000278272.1,1,Delayed Proliferative
ENSG00000111424.10,1,Delayed Proliferative
ENSG00000124635.8,1,Delayed Proliferative
ENSG00000171148.13,1,Delayed Proliferative
ENSG00000276903.1,1,Delayed Proliferative
ENSG00000259291.2,1,Delayed Proliferative
ENSG00000164989.16,1,Delayed Proliferative
ENSG00000158402.19,1,Delayed Proliferative
ENSG00000114268.11,1,Delayed Proliferative
ENSG00000186591.12,1,Delayed Proliferative
ENSG00000122884.12,1,Delayed Proliferative
ENSG00000106804.7,1,Delayed Proliferative
ENSG00000123329.17,1,Delayed Proliferative
ENSG00000142733.15,1,Delayed Proliferative
ENSG00000215039.6,1,Delayed Proliferative
ENSG00000100417.11,1,Delayed Proliferative
ENSG00000197471.11,1,Delayed Proliferative
ENSG00000167664.8,1,Delayed Proliferative
ENSG00000178999.12,1,Delayed Proliferative
ENSG00000107341.4,1,Delayed Proliferative
ENSG00000163913.11,1,Delayed Proliferative
ENSG00000115756.12,1,Delayed Proliferative
ENSG00000187266.13,1,Delayed Proliferative
ENSG00000196123.12,1,Delayed Proliferative
ENSG00000148834.12,1,Delayed Proliferative
ENSG00000158290.16,1,Delayed Proliferative
ENSG00000136861.17,1,Delayed Proliferative
ENSG00000276180.1,1,Delayed Proliferative
ENSG00000166037.10,1,Delayed Proliferative
ENSG00000072778.19,1,Delayed Proliferative
ENSG00000180884.9,1,Delayed Proliferative
ENSG00000223478.1,1,Delayed Proliferative
ENSG00000188001.9,1,Delayed Proliferative
ENSG00000138443.15,1,Delayed Proliferative
ENSG00000149548.14,1,Delayed Proliferative
ENSG00000128923.10,1,Delayed Proliferative
ENSG00000121152.9,1,Delayed Proliferative
ENSG00000171848.14,1,Delayed Proliferative
ENSG00000196890.4,1,Delayed Proliferative
ENSG00000134986.13,1,Delayed Proliferative
ENSG00000134057.14,1,Delayed Proliferative
ENSG00000109107.13,1,Delayed Proliferative
ENSG00000276368.1,1,Delayed Proliferative
ENSG00000144118.13,1,Delayed Proliferative
ENSG00000186635.14,1,Delayed Proliferative
ENSG00000184922.13,1,Delayed Proliferative
ENSG00000076555.15,1,Delayed Proliferative
ENSG00000099219.13,1,Delayed Proliferative
ENSG00000138036.18,1,Delayed Proliferative
ENSG00000103034.14,1,Delayed Proliferative
ENSG00000005238.19,1,Delayed Proliferative
ENSG00000163755.8,1,Delayed Proliferative
ENSG00000048028.11,1,Delayed Proliferative
ENSG00000153048.10,1,Delayed Proliferative
ENSG00000196839.12,1,Delayed Proliferative
ENSG00000103995.13,1,Delayed Proliferative
ENSG00000278463.1,1,Delayed Proliferative
ENSG00000129116.18,1,Delayed Proliferative
ENSG00000166681.13,1,Delayed Proliferative
ENSG00000172081.13,1,Delayed Proliferative
ENSG00000131389.17,1,Delayed Proliferative
ENSG00000099875.14,1,Delayed Proliferative
ENSG00000064199.6,1,Delayed Proliferative
ENSG00000105220.15,1,Delayed Proliferative
ENSG00000128340.14,1,Delayed Proliferative
ENSG00000138641.16,1,Delayed Proliferative
ENSG00000171843.15,1,Delayed Proliferative
ENSG00000100938.17,1,Delayed Proliferative
ENSG00000274641.1,1,Delayed Proliferative
ENSG00000120868.13,1,Delayed Proliferative
ENSG00000122359.17,1,Delayed Proliferative
ENSG00000138376.10,1,Delayed Proliferative
ENSG00000109674.3,1,Delayed Proliferative
ENSG00000205885.7,1,Delayed Proliferative
ENSG00000165233.17,1,Delayed Proliferative
ENSG00000156804.7,1,Delayed Proliferative
ENSG00000277775.1,1,Delayed Proliferative
ENSG00000135766.8,1,Delayed Proliferative
ENSG00000198901.13,1,Delayed Proliferative
ENSG00000101236.16,1,Delayed Proliferative
ENSG00000099999.14,1,Delayed Proliferative
ENSG00000275126.1,1,Delayed Proliferative
ENSG00000151470.12,1,Delayed Proliferative
ENSG00000105323.16,1,Delayed Proliferative
ENSG00000133961.20,1,Delayed Proliferative
ENSG00000175215.10,1,Delayed Proliferative
ENSG00000180596.7,1,Delayed Proliferative
ENSG00000197153.4,1,Delayed Proliferative
ENSG00000069424.14,1,Delayed Proliferative
ENSG00000179222.17,1,Delayed Proliferative
ENSG00000141503.15,1,Delayed Proliferative
ENSG00000277224.2,1,Delayed Proliferative
ENSG00000101040.19,1,Delayed Proliferative
ENSG00000114023.15,1,Delayed Proliferative
ENSG00000165821.11,1,Delayed Proliferative
ENSG00000116678.19,1,Delayed Proliferative
ENSG00000102003.10,1,Delayed Proliferative
ENSG00000166801.15,1,Delayed Proliferative
ENSG00000101605.12,1,Delayed Proliferative
ENSG00000064666.14,1,Delayed Proliferative
ENSG00000135476.11,1,Delayed Proliferative
ENSG00000135924.15,1,Delayed Proliferative
ENSG00000198420.9,1,Delayed Proliferative
ENSG00000203814.6,1,Delayed Proliferative
ENSG00000021826.15,1,Delayed Proliferative
ENSG00000111726.12,1,Delayed Proliferative
ENSG00000067445.20,1,Delayed Proliferative
ENSG00000186350.10,1,Delayed Proliferative
ENSG00000161558.10,1,Delayed Proliferative
ENSG00000134574.11,1,Delayed Proliferative
ENSG00000167900.11,1,Delayed Proliferative
ENSG00000164105.3,1,Delayed Proliferative
ENSG00000187837.3,1,Delayed Proliferative
ENSG00000154079.5,1,Delayed Proliferative
ENSG00000163872.15,1,Delayed Proliferative
ENSG00000138182.14,1,Delayed Proliferative
ENSG00000110876.9,1,Delayed Proliferative
ENSG00000188868.13,1,Delayed Proliferative
ENSG00000104823.8,1,Delayed Proliferative
ENSG00000120727.12,1,Delayed Proliferative
ENSG00000184867.13,1,Delayed Proliferative
ENSG00000111837.11,1,Delayed Proliferative
ENSG00000196787.3,1,Delayed Proliferative
ENSG00000136830.11,1,Delayed Proliferative
ENSG00000278677.1,1,Delayed Proliferative
ENSG00000134590.13,1,Delayed Proliferative
ENSG00000183150.7,1,Delayed Proliferative
ENSG00000164976.8,1,Delayed Proliferative
ENSG00000111206.12,1,Delayed Proliferative
ENSG00000175782.9,1,Delayed Proliferative
ENSG00000163359.15,1,Delayed Proliferative
ENSG00000089692.8,1,Delayed Proliferative
ENSG00000274997.1,1,Delayed Proliferative
ENSG00000030582.17,1,Delayed Proliferative
ENSG00000172830.12,1,Delayed Proliferative
ENSG00000120539.14,1,Delayed Proliferative
ENSG00000267751.5,1,Delayed Proliferative
ENSG00000105438.8,1,Delayed Proliferative
ENSG00000151715.7,1,Delayed Proliferative
ENSG00000134333.13,1,Delayed Proliferative
ENSG00000048392.11,1,Delayed Proliferative
ENSG00000187535.13,1,Delayed Proliferative
ENSG00000130775.15,1,Delayed Proliferative
ENSG00000197903.7,1,Delayed Proliferative
ENSG00000138303.17,1,Delayed Proliferative
ENSG00000118369.12,1,Delayed Proliferative
ENSG00000278588.1,1,Delayed Proliferative
ENSG00000156265.15,1,Delayed Proliferative
ENSG00000235162.8,1,Delayed Proliferative
ENSG00000129657.15,1,Delayed Proliferative
ENSG00000183598.3,1,Delayed Proliferative
ENSG00000117318.8,1,Delayed Proliferative
ENSG00000129173.12,1,Delayed Proliferative
ENSG00000177181.14,1,Delayed Proliferative
ENSG00000196968.10,1,Delayed Proliferative
ENSG00000108852.14,1,Delayed Proliferative
ENSG00000246465.1,1,Delayed Proliferative
ENSG00000274750.2,1,Delayed Proliferative
ENSG00000102781.13,1,Delayed Proliferative
ENSG00000149577.15,1,Delayed Proliferative
ENSG00000185669.5,1,Delayed Proliferative
ENSG00000143437.20,1,Delayed Proliferative
ENSG00000197355.10,1,Delayed Proliferative
ENSG00000104490.17,1,Delayed Proliferative
ENSG00000253824.1,1,Delayed Proliferative
ENSG00000161513.11,1,Delayed Proliferative
ENSG00000115977.18,1,Delayed Proliferative
ENSG00000138617.15,1,Delayed Proliferative
ENSG00000095370.19,1,Delayed Proliferative
ENSG00000132471.11,1,Delayed Proliferative
ENSG00000171467.15,1,Delayed Proliferative
ENSG00000164674.15,1,Delayed Proliferative
ENSG00000137497.17,1,Delayed Proliferative
ENSG00000186767.6,1,Delayed Proliferative
ENSG00000244509.3,1,Delayed Proliferative
ENSG00000274618.1,1,Delayed Proliferative
ENSG00000130714.15,1,Delayed Proliferative
ENSG00000196975.15,1,Delayed Proliferative
ENSG00000132906.17,1,Delayed Proliferative
ENSG00000110013.12,1,Delayed Proliferative
ENSG00000159231.5,1,Delayed Proliferative
ENSG00000144711.15,1,Delayed Proliferative
ENSG00000278828.1,1,Delayed Proliferative
ENSG00000157216.15,1,Delayed Proliferative
ENSG00000102984.14,1,Delayed Proliferative
ENSG00000114126.17,1,Delayed Proliferative
ENSG00000173727.12,1,Delayed Proliferative
ENSG00000023171.17,1,Delayed Proliferative
ENSG00000168765.16,1,Delayed Proliferative
ENSG00000196924.15,1,Delayed Proliferative
ENSG00000152465.17,1,Delayed Proliferative
ENSG00000180573.9,1,Delayed Proliferative
ENSG00000188266.13,1,Delayed Proliferative
ENSG00000180304.14,1,Delayed Proliferative
ENSG00000160007.18,1,Delayed Proliferative
ENSG00000277075.2,1,Delayed Proliferative
ENSG00000168556.6,1,Delayed Proliferative
ENSG00000171298.12,1,Delayed Proliferative
ENSG00000123815.11,1,Delayed Proliferative
ENSG00000076928.17,1,Delayed Proliferative
ENSG00000233822.4,1,Delayed Proliferative
ENSG00000089685.14,1,Delayed Proliferative
ENSG00000225205.5,1,Delayed Proliferative
ENSG00000054611.13,1,Delayed Proliferative
ENSG00000072110.13,1,Delayed Proliferative
ENSG00000284946.1,1,Delayed Proliferative
ENSG00000158406.4,1,Delayed Proliferative
ENSG00000107960.10,1,Delayed Proliferative
ENSG00000277157.1,1,Delayed Proliferative
ENSG00000124610.4,1,Delayed Proliferative
ENSG00000178585.14,1,Delayed Proliferative
ENSG00000104765.15,1,Delayed Proliferative
ENSG00000105559.11,1,Delayed Proliferative
ENSG00000169764.15,1,Delayed Proliferative
ENSG00000135317.12,1,Delayed Proliferative
ENSG00000061273.17,1,Delayed Proliferative
ENSG00000103187.7,1,Delayed Proliferative
ENSG00000268516.2,1,Delayed Proliferative
ENSG00000124575.6,1,Delayed Proliferative
ENSG00000171792.10,1,Delayed Proliferative
ENSG00000116857.16,1,Delayed Proliferative
ENSG00000104894.11,1,Delayed Proliferative
ENSG00000143847.15,1,Delayed Proliferative
ENSG00000170037.13,1,Delayed Proliferative
ENSG00000134072.10,1,Delayed Proliferative
ENSG00000158710.14,1,Delayed Proliferative
ENSG00000089639.10,1,Delayed Proliferative
ENSG00000268119.5,1,Delayed Proliferative
ENSG00000278705.1,1,Delayed Proliferative
ENSG00000159335.15,1,Delayed Proliferative
ENSG00000196923.13,1,Delayed Proliferative
ENSG00000276410.3,1,Delayed Proliferative
ENSG00000184270.4,1,Delayed Proliferative
ENSG00000135740.16,1,Delayed Proliferative
ENSG00000188486.3,1,Delayed Proliferative
ENSG00000167550.10,1,Delayed Proliferative
ENSG00000239697.10,1,Delayed Proliferative
ENSG00000198961.9,1,Delayed Proliferative
ENSG00000100206.9,1,Delayed Proliferative
ENSG00000124104.18,1,Delayed Proliferative
ENSG00000130830.14,1,Delayed Proliferative
ENSG00000184678.10,1,Delayed Proliferative
ENSG00000143373.17,1,Delayed Proliferative
ENSG00000189060.5,1,Delayed Proliferative
ENSG00000177595.17,1,Delayed Proliferative
ENSG00000138835.22,1,Delayed Proliferative
ENSG00000081026.18,1,Delayed Proliferative
ENSG00000006432.15,1,Delayed Proliferative
ENSG00000138794.9,1,Delayed Proliferative
ENSG00000011590.13,1,Delayed Proliferative
ENSG00000278637.1,1,Delayed Proliferative
ENSG00000165046.12,1,Delayed Proliferative
ENSG00000175567.8,1,Delayed Proliferative
ENSG00000033627.16,1,Delayed Proliferative
ENSG00000225489.6,1,Delayed Proliferative
ENSG00000126458.3,1,Delayed Proliferative
ENSG00000088543.14,1,Delayed Proliferative
ENSG00000188277.9,1,Delayed Proliferative
ENSG00000168807.16,1,Delayed Proliferative
ENSG00000100979.14,1,Delayed Proliferative
ENSG00000168298.6,1,Delayed Proliferative
ENSG00000114779.19,1,Delayed Proliferative
ENSG00000213672.7,1,Delayed Proliferative
ENSG00000160445.10,1,Delayed Proliferative
ENSG00000004700.15,1,Delayed Proliferative
ENSG00000153815.16,1,Delayed Proliferative
ENSG00000105483.17,1,Delayed Proliferative
ENSG00000112367.10,1,Delayed Proliferative
ENSG00000141526.16,1,Delayed Proliferative
ENSG00000260231.2,1,Delayed Proliferative
ENSG00000024862.17,1,Delayed Proliferative
ENSG00000121988.17,1,Delayed Proliferative
ENSG00000278771.1,1,Delayed Proliferative
ENSG00000184481.16,1,Delayed Proliferative
ENSG00000164306.10,1,Delayed Proliferative
ENSG00000132003.9,1,Delayed Proliferative
ENSG00000156509.13,1,Delayed Proliferative
ENSG00000115042.9,1,Delayed Proliferative
ENSG00000173715.16,1,Delayed Proliferative
ENSG00000105701.15,1,Delayed Proliferative
ENSG00000102034.16,1,Delayed Proliferative
ENSG00000143545.8,1,Delayed Proliferative
ENSG00000137414.5,1,Delayed Proliferative
ENSG00000282988.2,1,Delayed Proliferative
ENSG00000143224.17,1,Delayed Proliferative
ENSG00000054690.13,1,Delayed Proliferative
ENSG00000181218.5,1,Delayed Proliferative
ENSG00000141562.17,1,Delayed Proliferative
ENSG00000104973.17,1,Delayed Proliferative
ENSG00000196189.12,1,Delayed Proliferative
ENSG00000126705.14,1,Delayed Proliferative
ENSG00000176890.15,1,Delayed Proliferative
ENSG00000089876.11,1,Delayed Proliferative
ENSG00000166153.16,1,Delayed Proliferative
ENSG00000081913.13,1,Delayed Proliferative
ENSG00000166171.12,1,Delayed Proliferative
ENSG00000169756.16,1,Delayed Proliferative
ENSG00000117394.21,1,Delayed Proliferative
ENSG00000136295.14,1,Delayed Proliferative
ENSG00000137831.14,1,Delayed Proliferative
ENSG00000171291.8,1,Delayed Proliferative
ENSG00000260997.1,1,Delayed Proliferative
ENSG00000197879.16,1,Delayed Proliferative
ENSG00000198113.2,1,Delayed Proliferative
ENSG00000203852.3,1,Delayed Proliferative
ENSG00000257167.2,1,Delayed Proliferative
ENSG00000101400.5,1,Delayed Proliferative
ENSG00000198873.11,1,Delayed Proliferative
ENSG00000186185.13,1,Delayed Proliferative
ENSG00000152217.18,1,Delayed Proliferative
ENSG00000165891.15,1,Delayed Proliferative
ENSG00000134824.13,1,Delayed Proliferative
ENSG00000176454.13,1,Delayed Proliferative
ENSG00000106330.11,1,Delayed Proliferative
ENSG00000135441.7,1,Delayed Proliferative
ENSG00000076706.16,1,Delayed Proliferative
ENSG00000197324.8,1,Delayed Proliferative
ENSG00000141504.11,1,Delayed Proliferative
ENSG00000100075.9,1,Delayed Proliferative
ENSG00000169992.9,1,Delayed Proliferative
ENSG00000158887.15,1,Delayed Proliferative
ENSG00000143578.15,1,Delayed Proliferative
ENSG00000091542.8,1,Delayed Proliferative
ENSG00000176485.11,1,Delayed Proliferative
ENSG00000173821.19,1,Delayed Proliferative
ENSG00000159788.19,1,Delayed Proliferative
ENSG00000198721.12,1,Delayed Proliferative
ENSG00000160233.7,1,Delayed Proliferative
ENSG00000227051.6,1,Delayed Proliferative
ENSG00000267757.4,1,Delayed Proliferative
ENSG00000166105.15,1,Delayed Proliferative
ENSG00000235954.6,1,Delayed Proliferative
ENSG00000172197.10,1,Delayed Proliferative
ENSG00000266028.7,1,Delayed Proliferative
ENSG00000171453.18,2,Repressed Quiescence
ENSG00000108021.20,2,Repressed Quiescence
ENSG00000144867.11,2,Repressed Quiescence
ENSG00000198945.7,2,Repressed Quiescence
ENSG00000175556.16,2,Repressed Quiescence
ENSG00000213762.11,2,Repressed Quiescence
ENSG00000136100.13,2,Repressed Quiescence
ENSG00000119523.9,2,Repressed Quiescence
ENSG00000067533.5,2,Repressed Quiescence
ENSG00000114098.17,2,Repressed Quiescence
ENSG00000107937.18,2,Repressed Quiescence
ENSG00000279369.1,2,Repressed Quiescence
ENSG00000145907.14,2,Repressed Quiescence
ENSG00000135763.9,2,Repressed Quiescence
ENSG00000171867.16,2,Repressed Quiescence
ENSG00000204519.10,2,Repressed Quiescence
ENSG00000102678.6,2,Repressed Quiescence
ENSG00000114767.6,2,Repressed Quiescence
ENSG00000026508.18,2,Repressed Quiescence
ENSG00000104205.13,2,Repressed Quiescence
ENSG00000121406.8,2,Repressed Quiescence
ENSG00000100413.16,2,Repressed Quiescence
ENSG00000186017.14,2,Repressed Quiescence
ENSG00000006194.9,2,Repressed Quiescence
ENSG00000169016.16,2,Repressed Quiescence
ENSG00000082258.12,2,Repressed Quiescence
ENSG00000253710.3,2,Repressed Quiescence
ENSG00000198042.10,2,Repressed Quiescence
ENSG00000205089.7,2,Repressed Quiescence
ENSG00000008283.15,2,Repressed Quiescence
ENSG00000036549.12,2,Repressed Quiescence
ENSG00000138035.14,2,Repressed Quiescence
ENSG00000117174.10,2,Repressed Quiescence
ENSG00000074935.13,2,Repressed Quiescence
ENSG00000124275.14,2,Repressed Quiescence
ENSG00000171208.9,2,Repressed Quiescence
ENSG00000119729.11,2,Repressed Quiescence
ENSG00000124784.8,2,Repressed Quiescence
ENSG00000253438.3,2,Repressed Quiescence
ENSG00000132603.14,2,Repressed Quiescence
ENSG00000106952.7,2,Repressed Quiescence
ENSG00000136152.14,2,Repressed Quiescence
ENSG00000015171.19,2,Repressed Quiescence
ENSG00000121989.14,2,Repressed Quiescence
ENSG00000090612.20,2,Repressed Quiescence
ENSG00000086712.12,2,Repressed Quiescence
ENSG00000132768.13,2,Repressed Quiescence
ENSG00000166166.12,2,Repressed Quiescence
ENSG00000104643.9,2,Repressed Quiescence
ENSG00000110931.18,2,Repressed Quiescence
ENSG00000244045.12,2,Repressed Quiescence
ENSG00000184743.12,2,Repressed Quiescence
ENSG00000009335.17,2,Repressed Quiescence
ENSG00000196357.11,2,Repressed Quiescence
ENSG00000100418.7,2,Repressed Quiescence
ENSG00000083817.8,2,Repressed Quiescence
ENSG00000124217.4,2,Repressed Quiescence
ENSG00000080608.9,2,Repressed Quiescence
ENSG00000154945.6,2,Repressed Quiescence
ENSG00000198440.9,2,Repressed Quiescence
ENSG00000166261.10,2,Repressed Quiescence
ENSG00000138378.18,2,Repressed Quiescence
ENSG00000245937.7,2,Repressed Quiescence
ENSG00000012983.11,2,Repressed Quiescence
ENSG00000167721.10,2,Repressed Quiescence
ENSG00000168827.14,2,Repressed Quiescence
ENSG00000162086.14,2,Repressed Quiescence
ENSG00000178105.10,2,Repressed Quiescence
ENSG00000152784.15,2,Repressed Quiescence
ENSG00000168890.13,2,Repressed Quiescence
ENSG00000104689.9,2,Repressed Quiescence
ENSG00000134440.11,2,Repressed Quiescence
ENSG00000018869.16,2,Repressed Quiescence
ENSG00000123545.5,2,Repressed Quiescence
ENSG00000196653.11,2,Repressed Quiescence
ENSG00000103037.11,2,Repressed Quiescence
ENSG00000107443.15,2,Repressed Quiescence
ENSG00000176896.8,2,Repressed Quiescence
ENSG00000176022.5,2,Repressed Quiescence
ENSG00000163785.12,2,Repressed Quiescence
ENSG00000163811.11,2,Repressed Quiescence
ENSG00000107611.15,2,Repressed Quiescence
ENSG00000132356.11,2,Repressed Quiescence
ENSG00000165271.16,2,Repressed Quiescence
ENSG00000164151.11,2,Repressed Quiescence
ENSG00000139197.10,2,Repressed Quiescence
ENSG00000185127.6,2,Repressed Quiescence
ENSG00000170854.17,2,Repressed Quiescence
ENSG00000129292.20,2,Repressed Quiescence
ENSG00000078967.12,2,Repressed Quiescence
ENSG00000131871.14,2,Repressed Quiescence
ENSG00000214706.10,2,Repressed Quiescence
ENSG00000135775.13,2,Repressed Quiescence
ENSG00000134987.11,2,Repressed Quiescence
ENSG00000159917.16,2,Repressed Quiescence
ENSG00000096968.13,2,Repressed Quiescence
ENSG00000242485.5,2,Repressed Quiescence
ENSG00000164398.12,2,Repressed Quiescence
ENSG00000213593.9,2,Repressed Quiescence
ENSG00000179598.5,2,Repressed Quiescence
ENSG00000110042.7,2,Repressed Quiescence
ENSG00000179909.15,2,Repressed Quiescence
ENSG00000137574.10,2,Repressed Quiescence
ENSG00000198298.12,2,Repressed Quiescence
ENSG00000261167.1,2,Repressed Quiescence
ENSG00000089022.13,2,Repressed Quiescence
ENSG00000188211.8,2,Repressed Quiescence
ENSG00000134697.12,2,Repressed Quiescence
ENSG00000102531.16,2,Repressed Quiescence
ENSG00000196387.9,2,Repressed Quiescence
ENSG00000106484.15,2,Repressed Quiescence
ENSG00000168806.7,2,Repressed Quiescence
ENSG00000130544.11,2,Repressed Quiescence
ENSG00000196776.15,2,Repressed Quiescence
ENSG00000047365.11,2,Repressed Quiescence
ENSG00000165512.4,2,Repressed Quiescence
ENSG00000146909.7,2,Repressed Quiescence
ENSG00000164338.9,2,Repressed Quiescence
ENSG00000136271.10,2,Repressed Quiescence
ENSG00000198301.11,2,Repressed Quiescence
ENSG00000172466.15,2,Repressed Quiescence
ENSG00000180730.4,2,Repressed Quiescence
ENSG00000100478.14,2,Repressed Quiescence
ENSG00000120800.4,2,Repressed Quiescence
ENSG00000136319.11,2,Repressed Quiescence
ENSG00000279696.1,2,Repressed Quiescence
ENSG00000184281.14,2,Repressed Quiescence
ENSG00000256628.3,2,Repressed Quiescence
ENSG00000116455.13,2,Repressed Quiescence
ENSG00000151304.5,2,Repressed Quiescence
ENSG00000101361.16,2,Repressed Quiescence
ENSG00000071994.10,2,Repressed Quiescence
ENSG00000145220.13,2,Repressed Quiescence
ENSG00000269343.6,2,Repressed Quiescence
ENSG00000138442.9,2,Repressed Quiescence
ENSG00000048162.20,2,Repressed Quiescence
ENSG00000137824.15,2,Repressed Quiescence
ENSG00000168575.9,2,Repressed Quiescence
ENSG00000178057.14,2,Repressed Quiescence
ENSG00000149428.18,2,Repressed Quiescence
ENSG00000168672.3,2,Repressed Quiescence
ENSG00000041802.10,2,Repressed Quiescence
ENSG00000143514.16,2,Repressed Quiescence
ENSG00000239789.5,2,Repressed Quiescence
ENSG00000100029.17,2,Repressed Quiescence
ENSG00000145779.7,2,Repressed Quiescence
ENSG00000266947.1,2,Repressed Quiescence
ENSG00000081692.12,2,Repressed Quiescence
ENSG00000077232.17,2,Repressed Quiescence
ENSG00000151835.15,2,Repressed Quiescence
ENSG00000182307.13,2,Repressed Quiescence
ENSG00000125485.17,2,Repressed Quiescence
ENSG00000198093.10,2,Repressed Quiescence
ENSG00000179088.14,2,Repressed Quiescence
ENSG00000104131.12,2,Repressed Quiescence
ENSG00000166197.16,2,Repressed Quiescence
ENSG00000185963.13,2,Repressed Quiescence
ENSG00000107614.21,2,Repressed Quiescence
ENSG00000121073.14,2,Repressed Quiescence
ENSG00000166326.6,2,Repressed Quiescence
ENSG00000187566.5,2,Repressed Quiescence
ENSG00000115896.15,2,Repressed Quiescence
ENSG00000101442.9,2,Repressed Quiescence
ENSG00000104218.14,2,Repressed Quiescence
ENSG00000031003.10,2,Repressed Quiescence
ENSG00000112365.4,2,Repressed Quiescence
ENSG00000136718.9,2,Repressed Quiescence
ENSG00000120942.13,2,Repressed Quiescence
ENSG00000180530.10,2,Repressed Quiescence
ENSG00000187147.17,2,Repressed Quiescence
ENSG00000102967.11,2,Repressed Quiescence
ENSG00000151576.10,2,Repressed Quiescence
ENSG00000011295.15,2,Repressed Quiescence
ENSG00000162642.13,2,Repressed Quiescence
ENSG00000125459.15,2,Repressed Quiescence
ENSG00000141384.12,2,Repressed Quiescence
ENSG00000119004.15,2,Repressed Quiescence
ENSG00000213221.4,2,Repressed Quiescence
ENSG00000157593.18,2,Repressed Quiescence
ENSG00000176142.12,2,Repressed Quiescence
ENSG00000166454.9,2,Repressed Quiescence
ENSG00000198874.12,2,Repressed Quiescence
ENSG00000204946.9,2,Repressed Quiescence
ENSG00000125772.12,2,Repressed Quiescence
ENSG00000247626.4,2,Repressed Quiescence
ENSG00000147044.21,2,Repressed Quiescence
ENSG00000130826.17,2,Repressed Quiescence
ENSG00000154813.9,2,Repressed Quiescence
ENSG00000169718.17,2,Repressed Quiescence
ENSG00000173349.5,2,Repressed Quiescence
ENSG00000126749.15,2,Repressed Quiescence
ENSG00000110172.11,2,Repressed Quiescence
ENSG00000127951.6,2,Repressed Quiescence
ENSG00000196305.17,2,Repressed Quiescence
ENSG00000145041.15,2,Repressed Quiescence
ENSG00000119285.10,2,Repressed Quiescence
ENSG00000148334.14,2,Repressed Quiescence
ENSG00000134001.12,2,Repressed Quiescence
ENSG00000168301.12,2,Repressed Quiescence
ENSG00000135521.8,2,Repressed Quiescence
ENSG00000121057.12,2,Repressed Quiescence
ENSG00000168701.18,2,Repressed Quiescence
ENSG00000160226.15,2,Repressed Quiescence
ENSG00000130338.12,2,Repressed Quiescence
ENSG00000184178.15,2,Repressed Quiescence
ENSG00000198000.11,2,Repressed Quiescence
ENSG00000076321.10,2,Repressed Quiescence
ENSG00000178338.10,2,Repressed Quiescence
ENSG00000188321.13,2,Repressed Quiescence
ENSG00000183665.5,2,Repressed Quiescence
ENSG00000033050.8,2,Repressed Quiescence
ENSG00000272282.1,2,Repressed Quiescence
ENSG00000125257.14,2,Repressed Quiescence
ENSG00000108433.16,2,Repressed Quiescence
ENSG00000109133.12,2,Repressed Quiescence
ENSG00000115274.14,2,Repressed Quiescence
ENSG00000109065.11,2,Repressed Quiescence
ENSG00000064703.11,2,Repressed Quiescence
ENSG00000123992.19,2,Repressed Quiescence
ENSG00000167112.9,2,Repressed Quiescence
ENSG00000089048.14,2,Repressed Quiescence
ENSG00000156313.13,2,Repressed Quiescence
ENSG00000133706.17,2,Repressed Quiescence
ENSG00000140650.11,2,Repressed Quiescence
ENSG00000177272.8,2,Repressed Quiescence
ENSG00000163171.7,2,Repressed Quiescence
ENSG00000181915.4,2,Repressed Quiescence
ENSG00000123353.9,2,Repressed Quiescence
ENSG00000165669.13,2,Repressed Quiescence
ENSG00000140995.16,2,Repressed Quiescence
ENSG00000164164.16,2,Repressed Quiescence
ENSG00000167842.15,2,Repressed Quiescence
ENSG00000205476.8,2,Repressed Quiescence
ENSG00000135632.11,2,Repressed Quiescence
ENSG00000164168.7,2,Repressed Quiescence
ENSG00000168495.12,2,Repressed Quiescence
ENSG00000281005.1,2,Repressed Quiescence
ENSG00000206418.4,2,Repressed Quiescence
ENSG00000224877.3,2,Repressed Quiescence
ENSG00000162613.16,2,Repressed Quiescence
ENSG00000144659.12,2,Repressed Quiescence
ENSG00000161999.11,2,Repressed Quiescence
ENSG00000117395.12,2,Repressed Quiescence
ENSG00000148429.14,2,Repressed Quiescence
ENSG00000177613.8,2,Repressed Quiescence
ENSG00000139233.6,2,Repressed Quiescence
ENSG00000259834.1,2,Repressed Quiescence
ENSG00000115761.15,2,Repressed Quiescence
ENSG00000160818.16,2,Repressed Quiescence
ENSG00000177082.12,2,Repressed Quiescence
ENSG00000019485.13,2,Repressed Quiescence
ENSG00000131831.17,2,Repressed Quiescence
ENSG00000182768.8,2,Repressed Quiescence
ENSG00000142686.7,2,Repressed Quiescence
ENSG00000021776.10,2,Repressed Quiescence
ENSG00000186654.20,2,Repressed Quiescence
ENSG00000215417.12,2,Repressed Quiescence
ENSG00000204514.9,2,Repressed Quiescence
ENSG00000179041.3,2,Repressed Quiescence
ENSG00000160688.18,2,Repressed Quiescence
ENSG00000166532.15,2,Repressed Quiescence
ENSG00000173436.14,2,Repressed Quiescence
ENSG00000124256.14,2,Repressed Quiescence
ENSG00000186272.12,2,Repressed Quiescence
ENSG00000111845.4,2,Repressed Quiescence
ENSG00000148296.6,2,Repressed Quiescence
ENSG00000145860.11,2,Repressed Quiescence
ENSG00000180376.16,2,Repressed Quiescence
ENSG00000079332.14,2,Repressed Quiescence
ENSG00000122696.13,2,Repressed Quiescence
ENSG00000178718.6,2,Repressed Quiescence
ENSG00000231535.5,2,Repressed Quiescence
ENSG00000154642.10,2,Repressed Quiescence
ENSG00000189227.5,2,Repressed Quiescence
ENSG00000263753.7,2,Repressed Quiescence
ENSG00000204152.10,2,Repressed Quiescence
ENSG00000152642.10,2,Repressed Quiescence
ENSG00000085415.15,2,Repressed Quiescence
ENSG00000106993.11,2,Repressed Quiescence
ENSG00000174177.12,2,Repressed Quiescence
ENSG00000161956.12,2,Repressed Quiescence
ENSG00000151247.12,2,Repressed Quiescence
ENSG00000140157.14,2,Repressed Quiescence
ENSG00000091127.13,2,Repressed Quiescence
ENSG00000174446.12,2,Repressed Quiescence
ENSG00000160856.20,2,Repressed Quiescence
ENSG00000136997.17,2,Repressed Quiescence
ENSG00000058729.10,2,Repressed Quiescence
ENSG00000184277.12,2,Repressed Quiescence
ENSG00000135002.11,2,Repressed Quiescence
ENSG00000271895.2,2,Repressed Quiescence
ENSG00000134539.16,2,Repressed Quiescence
ENSG00000196943.13,2,Repressed Quiescence
ENSG00000015475.18,2,Repressed Quiescence
ENSG00000153879.8,2,Repressed Quiescence
ENSG00000166411.13,2,Repressed Quiescence
ENSG00000168003.16,2,Repressed Quiescence
ENSG00000176108.9,2,Repressed Quiescence
ENSG00000198964.13,2,Repressed Quiescence
ENSG00000198855.6,2,Repressed Quiescence
ENSG00000174749.5,2,Repressed Quiescence
ENSG00000105447.12,2,Repressed Quiescence
ENSG00000255819.7,2,Repressed Quiescence
ENSG00000234284.6,2,Repressed Quiescence
ENSG00000261308.2,2,Repressed Quiescence
ENSG00000125630.15,2,Repressed Quiescence
ENSG00000065183.15,2,Repressed Quiescence
ENSG00000140511.11,2,Repressed Quiescence
ENSG00000251136.8,2,Repressed Quiescence
ENSG00000187792.4,2,Repressed Quiescence
ENSG00000196793.13,2,Repressed Quiescence
ENSG00000170468.7,2,Repressed Quiescence
ENSG00000111879.19,2,Repressed Quiescence
ENSG00000246582.2,2,Repressed Quiescence
ENSG00000196922.10,2,Repressed Quiescence
ENSG00000088205.12,2,Repressed Quiescence
ENSG00000114446.4,2,Repressed Quiescence
ENSG00000186088.15,2,Repressed Quiescence
ENSG00000257303.1,2,Repressed Quiescence
ENSG00000108651.9,2,Repressed Quiescence
ENSG00000135587.8,2,Repressed Quiescence
ENSG00000058262.9,2,Repressed Quiescence
ENSG00000156345.17,2,Repressed Quiescence
ENSG00000240204.2,2,Repressed Quiescence
ENSG00000174276.6,2,Repressed Quiescence
ENSG00000166986.14,2,Repressed Quiescence
ENSG00000130204.12,2,Repressed Quiescence
ENSG00000132275.10,2,Repressed Quiescence
ENSG00000115956.9,2,Repressed Quiescence
ENSG00000115946.7,2,Repressed Quiescence
ENSG00000185896.10,2,Repressed Quiescence
ENSG00000111300.9,2,Repressed Quiescence
ENSG00000164934.13,2,Repressed Quiescence
ENSG00000137760.14,2,Repressed Quiescence
ENSG00000124383.8,2,Repressed Quiescence
ENSG00000124151.18,2,Repressed Quiescence
ENSG00000177192.13,2,Repressed Quiescence
ENSG00000160131.13,2,Repressed Quiescence
ENSG00000104343.19,2,Repressed Quiescence
ENSG00000180747.15,2,Repressed Quiescence
ENSG00000069493.14,2,Repressed Quiescence
ENSG00000111364.15,2,Repressed Quiescence
ENSG00000197776.7,2,Repressed Quiescence
ENSG00000165732.12,2,Repressed Quiescence
ENSG00000105671.11,2,Repressed Quiescence
ENSG00000198498.9,2,Repressed Quiescence
ENSG00000137177.19,2,Repressed Quiescence
ENSG00000140470.13,2,Repressed Quiescence
ENSG00000163818.16,2,Repressed Quiescence
ENSG00000127334.10,2,Repressed Quiescence
ENSG00000118971.7,2,Repressed Quiescence
ENSG00000187742.14,2,Repressed Quiescence
ENSG00000115368.9,2,Repressed Quiescence
ENSG00000104907.12,2,Repressed Quiescence
ENSG00000167778.8,2,Repressed Quiescence
ENSG00000169740.13,2,Repressed Quiescence
ENSG00000197841.14,2,Repressed Quiescence
ENSG00000158470.5,2,Repressed Quiescence
ENSG00000102580.14,2,Repressed Quiescence
ENSG00000225921.6,2,Repressed Quiescence
ENSG00000109270.12,2,Repressed Quiescence
ENSG00000105676.13,2,Repressed Quiescence
ENSG00000160072.19,2,Repressed Quiescence
ENSG00000166126.10,2,Repressed Quiescence
ENSG00000069345.11,2,Repressed Quiescence
ENSG00000186265.9,2,Repressed Quiescence
ENSG00000197498.12,2,Repressed Quiescence
ENSG00000140943.16,2,Repressed Quiescence
ENSG00000112096.17,2,Repressed Quiescence
ENSG00000214029.4,2,Repressed Quiescence
ENSG00000168826.15,2,Repressed Quiescence
ENSG00000118600.11,2,Repressed Quiescence
ENSG00000055044.10,2,Repressed Quiescence
ENSG00000174695.9,2,Repressed Quiescence
ENSG00000162408.10,2,Repressed Quiescence
ENSG00000186230.6,2,Repressed Quiescence
ENSG00000135838.13,2,Repressed Quiescence
ENSG00000121579.12,2,Repressed Quiescence
ENSG00000154174.7,2,Repressed Quiescence
ENSG00000183579.15,2,Repressed Quiescence
ENSG00000173588.14,2,Repressed Quiescence
ENSG00000188976.10,2,Repressed Quiescence
ENSG00000178977.3,2,Repressed Quiescence
ENSG00000189306.10,2,Repressed Quiescence
ENSG00000171488.14,2,Repressed Quiescence
ENSG00000124743.5,2,Repressed Quiescence
ENSG00000134352.19,2,Repressed Quiescence
ENSG00000113407.13,2,Repressed Quiescence
ENSG00000149547.14,2,Repressed Quiescence
ENSG00000126953.6,2,Repressed Quiescence
ENSG00000109320.11,2,Repressed Quiescence
ENSG00000198890.8,2,Repressed Quiescence
ENSG00000182841.12,2,Repressed Quiescence
ENSG00000131002.11,2,Repressed Quiescence
ENSG00000156697.12,2,Repressed Quiescence
ENSG00000100219.16,2,Repressed Quiescence
ENSG00000100568.10,2,Repressed Quiescence
ENSG00000135829.16,2,Repressed Quiescence
ENSG00000037474.14,2,Repressed Quiescence
ENSG00000285725.1,2,Repressed Quiescence
ENSG00000165733.7,2,Repressed Quiescence
ENSG00000163249.11,2,Repressed Quiescence
ENSG00000171612.6,2,Repressed Quiescence
ENSG00000186300.11,2,Repressed Quiescence
ENSG00000155957.17,2,Repressed Quiescence
ENSG00000176125.4,2,Repressed Quiescence
ENSG00000255733.5,2,Repressed Quiescence
ENSG00000107815.9,2,Repressed Quiescence
ENSG00000170088.13,2,Repressed Quiescence
ENSG00000073536.17,2,Repressed Quiescence
ENSG00000108639.7,2,Repressed Quiescence
ENSG00000204149.10,2,Repressed Quiescence
ENSG00000114631.10,2,Repressed Quiescence
ENSG00000164691.17,2,Repressed Quiescence
ENSG00000053372.4,2,Repressed Quiescence
ENSG00000152700.13,2,Repressed Quiescence
ENSG00000018699.12,2,Repressed Quiescence
ENSG00000102098.17,2,Repressed Quiescence
ENSG00000115827.13,2,Repressed Quiescence
ENSG00000143756.11,2,Repressed Quiescence
ENSG00000106305.9,2,Repressed Quiescence
ENSG00000115758.12,2,Repressed Quiescence
ENSG00000114554.11,2,Repressed Quiescence
ENSG00000054392.12,2,Repressed Quiescence
ENSG00000167085.11,2,Repressed Quiescence
ENSG00000174744.13,2,Repressed Quiescence
ENSG00000141642.8,2,Repressed Quiescence
ENSG00000030419.16,2,Repressed Quiescence
ENSG00000122861.15,2,Repressed Quiescence
ENSG00000152795.17,2,Repressed Quiescence
ENSG00000109452.12,2,Repressed Quiescence
ENSG00000184787.18,2,Repressed Quiescence
ENSG00000108932.11,2,Repressed Quiescence
ENSG00000153037.14,2,Repressed Quiescence
ENSG00000225948.2,2,Repressed Quiescence
ENSG00000139187.9,2,Repressed Quiescence
ENSG00000236213.1,2,Repressed Quiescence
ENSG00000114383.9,2,Repressed Quiescence
ENSG00000224870.6,2,Repressed Quiescence
ENSG00000142864.14,2,Repressed Quiescence
ENSG00000133104.13,2,Repressed Quiescence
ENSG00000261236.7,2,Repressed Quiescence
ENSG00000215190.9,2,Repressed Quiescence
ENSG00000041515.15,2,Repressed Quiescence
ENSG00000149483.11,2,Repressed Quiescence
ENSG00000106263.17,2,Repressed Quiescence
ENSG00000031698.12,2,Repressed Quiescence
ENSG00000144736.13,2,Repressed Quiescence
ENSG00000181027.10,2,Repressed Quiescence
ENSG00000111641.11,2,Repressed Quiescence
ENSG00000085978.21,2,Repressed Quiescence
ENSG00000155636.14,2,Repressed Quiescence
ENSG00000112996.10,2,Repressed Quiescence
ENSG00000196911.10,2,Repressed Quiescence
ENSG00000165055.15,2,Repressed Quiescence
ENSG00000056558.10,2,Repressed Quiescence
ENSG00000223496.2,2,Repressed Quiescence
ENSG00000187824.8,2,Repressed Quiescence
ENSG00000120686.11,2,Repressed Quiescence
ENSG00000179627.9,2,Repressed Quiescence
ENSG00000120217.13,2,Repressed Quiescence
ENSG00000162851.7,2,Repressed Quiescence
ENSG00000138074.14,2,Repressed Quiescence
ENSG00000070087.14,2,Repressed Quiescence
ENSG00000133316.15,2,Repressed Quiescence
ENSG00000163636.10,2,Repressed Quiescence
ENSG00000075420.12,2,Repressed Quiescence
ENSG00000105197.10,2,Repressed Quiescence
ENSG00000135316.17,2,Repressed Quiescence
ENSG00000153989.7,2,Repressed Quiescence
ENSG00000115307.16,2,Repressed Quiescence
ENSG00000245848.2,2,Repressed Quiescence
ENSG00000119912.16,2,Repressed Quiescence
ENSG00000175283.7,2,Repressed Quiescence
ENSG00000258289.8,2,Repressed Quiescence
ENSG00000100395.14,2,Repressed Quiescence
ENSG00000027847.13,2,Repressed Quiescence
ENSG00000102900.12,2,Repressed Quiescence
ENSG00000143185.3,2,Repressed Quiescence
ENSG00000233184.6,2,Repressed Quiescence
ENSG00000165060.12,2,Repressed Quiescence
ENSG00000161179.13,2,Repressed Quiescence
ENSG00000086619.13,2,Repressed Quiescence
ENSG00000160214.12,2,Repressed Quiescence
ENSG00000119686.9,2,Repressed Quiescence
ENSG00000124228.14,2,Repressed Quiescence
ENSG00000182118.7,2,Repressed Quiescence
ENSG00000198860.12,2,Repressed Quiescence
ENSG00000163138.18,2,Repressed Quiescence
ENSG00000184220.11,2,Repressed Quiescence
ENSG00000146414.15,2,Repressed Quiescence
ENSG00000259431.5,2,Repressed Quiescence
ENSG00000235505.7,2,Repressed Quiescence
ENSG00000147955.16,2,Repressed Quiescence
ENSG00000132467.3,2,Repressed Quiescence
ENSG00000260966.1,2,Repressed Quiescence
ENSG00000163866.8,2,Repressed Quiescence
ENSG00000221923.8,2,Repressed Quiescence
ENSG00000114861.20,2,Repressed Quiescence
ENSG00000013503.9,2,Repressed Quiescence
ENSG00000112159.11,2,Repressed Quiescence
ENSG00000239900.12,2,Repressed Quiescence
ENSG00000261428.2,2,Repressed Quiescence
ENSG00000164342.12,2,Repressed Quiescence
ENSG00000136261.14,2,Repressed Quiescence
ENSG00000118246.13,2,Repressed Quiescence
ENSG00000134852.14,2,Repressed Quiescence
ENSG00000126457.21,2,Repressed Quiescence
ENSG00000047932.13,2,Repressed Quiescence
ENSG00000132953.16,2,Repressed Quiescence
ENSG00000126249.7,2,Repressed Quiescence
ENSG00000183751.14,2,Repressed Quiescence
ENSG00000175348.10,2,Repressed Quiescence
ENSG00000033011.12,2,Repressed Quiescence
ENSG00000104228.12,2,Repressed Quiescence
ENSG00000263235.1,2,Repressed Quiescence
ENSG00000245164.6,2,Repressed Quiescence
ENSG00000273275.1,2,Repressed Quiescence
ENSG00000132153.14,2,Repressed Quiescence
ENSG00000124160.11,2,Repressed Quiescence
ENSG00000198464.13,2,Repressed Quiescence
ENSG00000275464.4,2,Repressed Quiescence
ENSG00000154743.17,2,Repressed Quiescence
ENSG00000108733.9,2,Repressed Quiescence
ENSG00000120158.11,2,Repressed Quiescence
ENSG00000133641.17,2,Repressed Quiescence
ENSG00000243725.6,2,Repressed Quiescence
ENSG00000180346.3,2,Repressed Quiescence
ENSG00000145191.13,2,Repressed Quiescence
ENSG00000083097.14,2,Repressed Quiescence
ENSG00000235532.1,2,Repressed Quiescence
ENSG00000260276.2,2,Repressed Quiescence
ENSG00000141378.14,2,Repressed Quiescence
ENSG00000158987.20,2,Repressed Quiescence
ENSG00000115828.16,2,Repressed Quiescence
ENSG00000104312.7,2,Repressed Quiescence
ENSG00000058600.15,2,Repressed Quiescence
ENSG00000179846.9,2,Repressed Quiescence
ENSG00000161813.21,2,Repressed Quiescence
ENSG00000203710.11,2,Repressed Quiescence
ENSG00000197147.13,2,Repressed Quiescence
ENSG00000138018.17,2,Repressed Quiescence
ENSG00000157895.11,2,Repressed Quiescence
ENSG00000157911.10,2,Repressed Quiescence
ENSG00000157306.14,2,Repressed Quiescence
ENSG00000081087.14,2,Repressed Quiescence
ENSG00000070961.15,2,Repressed Quiescence
ENSG00000104635.13,2,Repressed Quiescence
ENSG00000197451.11,2,Repressed Quiescence
ENSG00000237489.4,2,Repressed Quiescence
ENSG00000116044.15,2,Repressed Quiescence
ENSG00000187037.8,2,Repressed Quiescence
ENSG00000155100.10,2,Repressed Quiescence
ENSG00000131148.8,2,Repressed Quiescence
ENSG00000111728.10,2,Repressed Quiescence
ENSG00000167272.10,2,Repressed Quiescence
ENSG00000260727.1,2,Repressed Quiescence
ENSG00000131043.11,2,Repressed Quiescence
ENSG00000163002.12,2,Repressed Quiescence
ENSG00000247516.6,2,Repressed Quiescence
ENSG00000173153.13,2,Repressed Quiescence
ENSG00000215788.10,2,Repressed Quiescence
ENSG00000132382.14,2,Repressed Quiescence
ENSG00000116138.12,2,Repressed Quiescence
ENSG00000275454.1,2,Repressed Quiescence
ENSG00000254093.8,2,Repressed Quiescence
ENSG00000124193.14,2,Repressed Quiescence
ENSG00000154144.12,2,Repressed Quiescence
ENSG00000124787.13,2,Repressed Quiescence
ENSG00000092108.20,2,Repressed Quiescence
ENSG00000169087.10,2,Repressed Quiescence
ENSG00000161091.12,2,Repressed Quiescence
ENSG00000164038.14,2,Repressed Quiescence
ENSG00000186106.11,2,Repressed Quiescence
ENSG00000263465.4,2,Repressed Quiescence
ENSG00000205981.7,2,Repressed Quiescence
ENSG00000170502.12,2,Repressed Quiescence
ENSG00000182810.6,2,Repressed Quiescence
ENSG00000128973.12,2,Repressed Quiescence
ENSG00000113013.13,2,Repressed Quiescence
ENSG00000110092.3,2,Repressed Quiescence
ENSG00000007392.16,2,Repressed Quiescence
ENSG00000013275.7,2,Repressed Quiescence
ENSG00000180628.14,2,Repressed Quiescence
ENSG00000063761.15,2,Repressed Quiescence
ENSG00000104320.13,2,Repressed Quiescence
ENSG00000084234.17,2,Repressed Quiescence
ENSG00000273058.2,2,Repressed Quiescence
ENSG00000224418.1,2,Repressed Quiescence
ENSG00000120438.11,2,Repressed Quiescence
ENSG00000154305.16,2,Repressed Quiescence
ENSG00000285492.1,2,Repressed Quiescence
ENSG00000188786.9,2,Repressed Quiescence
ENSG00000270689.1,2,Repressed Quiescence
ENSG00000183161.5,2,Repressed Quiescence
ENSG00000204977.9,2,Repressed Quiescence
ENSG00000104064.17,2,Repressed Quiescence
ENSG00000166598.14,2,Repressed Quiescence
ENSG00000174600.13,2,Repressed Quiescence
ENSG00000112425.14,2,Repressed Quiescence
ENSG00000281376.1,2,Repressed Quiescence
ENSG00000189144.13,2,Repressed Quiescence
ENSG00000122068.12,2,Repressed Quiescence
ENSG00000115875.18,2,Repressed Quiescence
ENSG00000105607.12,2,Repressed Quiescence
ENSG00000270638.1,2,Repressed Quiescence
ENSG00000153574.8,2,Repressed Quiescence
ENSG00000150779.11,2,Repressed Quiescence
ENSG00000136720.6,2,Repressed Quiescence
ENSG00000083812.11,2,Repressed Quiescence
ENSG00000160208.12,2,Repressed Quiescence
ENSG00000145050.16,2,Repressed Quiescence
ENSG00000261490.1,2,Repressed Quiescence
ENSG00000068438.14,2,Repressed Quiescence
ENSG00000167528.12,2,Repressed Quiescence
ENSG00000131467.10,2,Repressed Quiescence
ENSG00000253797.2,2,Repressed Quiescence
ENSG00000265241.6,2,Repressed Quiescence
ENSG00000116991.10,2,Repressed Quiescence
ENSG00000180787.5,2,Repressed Quiescence
ENSG00000148291.9,2,Repressed Quiescence
ENSG00000166562.8,2,Repressed Quiescence
ENSG00000124541.6,2,Repressed Quiescence
ENSG00000197363.9,2,Repressed Quiescence
ENSG00000278156.1,2,Repressed Quiescence
ENSG00000137492.7,2,Repressed Quiescence
ENSG00000005436.13,2,Repressed Quiescence
ENSG00000140280.13,2,Repressed Quiescence
ENSG00000153933.9,2,Repressed Quiescence
ENSG00000001497.16,2,Repressed Quiescence
ENSG00000221963.5,2,Repressed Quiescence
ENSG00000262919.7,2,Repressed Quiescence
ENSG00000138311.16,2,Repressed Quiescence
ENSG00000105967.15,2,Repressed Quiescence
ENSG00000188295.14,2,Repressed Quiescence
ENSG00000266910.2,2,Repressed Quiescence
ENSG00000141965.4,2,Repressed Quiescence
ENSG00000173674.10,2,Repressed Quiescence
ENSG00000091831.23,2,Repressed Quiescence
ENSG00000104980.7,2,Repressed Quiescence
ENSG00000117360.12,2,Repressed Quiescence
ENSG00000146433.8,2,Repressed Quiescence
ENSG00000174721.9,2,Repressed Quiescence
ENSG00000004478.7,2,Repressed Quiescence
ENSG00000160193.11,2,Repressed Quiescence
ENSG00000140299.11,2,Repressed Quiescence
ENSG00000163389.11,2,Repressed Quiescence
ENSG00000136444.9,2,Repressed Quiescence
ENSG00000175611.11,2,Repressed Quiescence
ENSG00000173486.12,2,Repressed Quiescence
ENSG00000260196.1,2,Repressed Quiescence
ENSG00000123297.17,2,Repressed Quiescence
ENSG00000145740.18,2,Repressed Quiescence
ENSG00000168872.16,2,Repressed Quiescence
ENSG00000196591.11,2,Repressed Quiescence
ENSG00000168924.14,2,Repressed Quiescence
ENSG00000037897.16,2,Repressed Quiescence
ENSG00000196449.3,2,Repressed Quiescence
ENSG00000186432.8,2,Repressed Quiescence
ENSG00000111412.5,2,Repressed Quiescence
ENSG00000086189.9,2,Repressed Quiescence
ENSG00000105821.14,2,Repressed Quiescence
ENSG00000216895.9,2,Repressed Quiescence
ENSG00000145916.18,2,Repressed Quiescence
ENSG00000173540.12,2,Repressed Quiescence
ENSG00000166224.16,2,Repressed Quiescence
ENSG00000174851.15,2,Repressed Quiescence
ENSG00000069702.10,2,Repressed Quiescence
ENSG00000166860.2,2,Repressed Quiescence
ENSG00000181894.14,2,Repressed Quiescence
ENSG00000155974.12,2,Repressed Quiescence
ENSG00000254858.9,2,Repressed Quiescence
ENSG00000257621.7,2,Repressed Quiescence
ENSG00000146007.10,2,Repressed Quiescence
ENSG00000038945.14,2,Repressed Quiescence
ENSG00000091527.15,2,Repressed Quiescence
ENSG00000260369.2,2,Repressed Quiescence
ENSG00000123136.14,2,Repressed Quiescence
ENSG00000196268.11,2,Repressed Quiescence
ENSG00000166822.12,2,Repressed Quiescence
ENSG00000198780.11,2,Repressed Quiescence
ENSG00000151131.10,2,Repressed Quiescence
ENSG00000163577.7,2,Repressed Quiescence
ENSG00000182141.10,2,Repressed Quiescence
ENSG00000107672.14,2,Repressed Quiescence
ENSG00000155850.7,2,Repressed Quiescence
ENSG00000164933.11,2,Repressed Quiescence
ENSG00000141447.17,2,Repressed Quiescence
ENSG00000148943.11,2,Repressed Quiescence
ENSG00000164163.10,2,Repressed Quiescence
ENSG00000269680.1,2,Repressed Quiescence
ENSG00000106344.8,2,Repressed Quiescence
ENSG00000106105.13,2,Repressed Quiescence
ENSG00000196655.11,2,Repressed Quiescence
ENSG00000135218.18,2,Repressed Quiescence
ENSG00000260924.2,2,Repressed Quiescence
ENSG00000136933.16,2,Repressed Quiescence
ENSG00000113552.15,2,Repressed Quiescence
ENSG00000205250.8,2,Repressed Quiescence
ENSG00000106591.3,2,Repressed Quiescence
ENSG00000125445.10,2,Repressed Quiescence
ENSG00000185917.13,2,Repressed Quiescence
ENSG00000204922.4,2,Repressed Quiescence
ENSG00000109756.9,2,Repressed Quiescence
ENSG00000134717.17,2,Repressed Quiescence
ENSG00000117410.13,2,Repressed Quiescence
ENSG00000119707.13,2,Repressed Quiescence
ENSG00000146826.16,2,Repressed Quiescence
ENSG00000085998.13,2,Repressed Quiescence
ENSG00000196504.16,2,Repressed Quiescence
ENSG00000173744.17,2,Repressed Quiescence
ENSG00000285728.1,2,Repressed Quiescence
ENSG00000122965.10,2,Repressed Quiescence
ENSG00000090520.11,2,Repressed Quiescence
ENSG00000100030.14,2,Repressed Quiescence
ENSG00000048544.5,2,Repressed Quiescence
ENSG00000183444.10,2,Repressed Quiescence
ENSG00000163468.14,2,Repressed Quiescence
ENSG00000270878.1,2,Repressed Quiescence
ENSG00000215424.9,2,Repressed Quiescence
ENSG00000124357.12,2,Repressed Quiescence
ENSG00000130935.9,2,Repressed Quiescence
ENSG00000101182.14,2,Repressed Quiescence
ENSG00000163481.7,2,Repressed Quiescence
ENSG00000144043.11,2,Repressed Quiescence
ENSG00000143184.4,2,Repressed Quiescence
ENSG00000138138.13,2,Repressed Quiescence
ENSG00000145332.13,2,Repressed Quiescence
ENSG00000157077.14,2,Repressed Quiescence
ENSG00000186141.8,2,Repressed Quiescence
ENSG00000224959.1,2,Repressed Quiescence
ENSG00000168374.10,2,Repressed Quiescence
ENSG00000255561.6,2,Repressed Quiescence
ENSG00000088766.11,2,Repressed Quiescence
ENSG00000005194.14,2,Repressed Quiescence
ENSG00000130348.11,2,Repressed Quiescence
ENSG00000198276.15,2,Repressed Quiescence
ENSG00000113269.13,2,Repressed Quiescence
ENSG00000123213.22,2,Repressed Quiescence
ENSG00000164284.14,2,Repressed Quiescence
ENSG00000155744.9,2,Repressed Quiescence
ENSG00000003056.7,2,Repressed Quiescence
ENSG00000049656.13,2,Repressed Quiescence
ENSG00000151881.14,2,Repressed Quiescence
ENSG00000129480.12,2,Repressed Quiescence
ENSG00000134146.11,2,Repressed Quiescence
ENSG00000173418.11,2,Repressed Quiescence
ENSG00000155970.11,2,Repressed Quiescence
ENSG00000011007.12,2,Repressed Quiescence
ENSG00000136682.14,2,Repressed Quiescence
ENSG00000213341.10,2,Repressed Quiescence
ENSG00000163166.14,2,Repressed Quiescence
ENSG00000162600.11,2,Repressed Quiescence
ENSG00000049246.14,2,Repressed Quiescence
ENSG00000261351.2,2,Repressed Quiescence
ENSG00000170962.12,2,Repressed Quiescence
ENSG00000180694.13,2,Repressed Quiescence
ENSG00000124279.11,2,Repressed Quiescence
ENSG00000177700.5,2,Repressed Quiescence
ENSG00000110911.15,2,Repressed Quiescence
ENSG00000132664.11,2,Repressed Quiescence
ENSG00000111361.12,2,Repressed Quiescence
ENSG00000277283.1,2,Repressed Quiescence
ENSG00000091972.18,2,Repressed Quiescence
ENSG00000068654.15,2,Repressed Quiescence
ENSG00000272447.1,2,Repressed Quiescence
ENSG00000185163.9,2,Repressed Quiescence
ENSG00000138744.14,2,Repressed Quiescence
ENSG00000161671.16,2,Repressed Quiescence
ENSG00000128000.15,2,Repressed Quiescence
ENSG00000088833.17,2,Repressed Quiescence
ENSG00000168229.3,2,Repressed Quiescence
ENSG00000230124.7,2,Repressed Quiescence
ENSG00000112486.16,2,Repressed Quiescence
ENSG00000128699.13,2,Repressed Quiescence
ENSG00000178947.8,2,Repressed Quiescence
ENSG00000198576.3,2,Repressed Quiescence
ENSG00000150753.11,2,Repressed Quiescence
ENSG00000198517.9,2,Repressed Quiescence
ENSG00000159210.9,2,Repressed Quiescence
ENSG00000258727.1,2,Repressed Quiescence
ENSG00000171928.13,2,Repressed Quiescence
ENSG00000168818.9,2,Repressed Quiescence
ENSG00000120697.8,2,Repressed Quiescence
ENSG00000206573.8,2,Repressed Quiescence
ENSG00000091409.14,2,Repressed Quiescence
ENSG00000163738.18,2,Repressed Quiescence
ENSG00000181610.12,2,Repressed Quiescence
ENSG00000008405.11,2,Repressed Quiescence
ENSG00000122912.14,2,Repressed Quiescence
ENSG00000198917.12,2,Repressed Quiescence
ENSG00000120805.13,2,Repressed Quiescence
ENSG00000093144.18,2,Repressed Quiescence
ENSG00000242802.7,2,Repressed Quiescence
ENSG00000004961.14,2,Repressed Quiescence
ENSG00000025708.13,2,Repressed Quiescence
ENSG00000108592.16,2,Repressed Quiescence
ENSG00000117242.7,2,Repressed Quiescence
ENSG00000117222.13,2,Repressed Quiescence
ENSG00000147679.11,2,Repressed Quiescence
ENSG00000188342.11,2,Repressed Quiescence
ENSG00000174405.13,2,Repressed Quiescence
ENSG00000070785.16,2,Repressed Quiescence
ENSG00000152127.8,2,Repressed Quiescence
ENSG00000117281.15,2,Repressed Quiescence
ENSG00000182584.4,2,Repressed Quiescence
ENSG00000156170.12,2,Repressed Quiescence
ENSG00000162630.5,2,Repressed Quiescence
ENSG00000165156.14,2,Repressed Quiescence
ENSG00000067248.9,2,Repressed Quiescence
ENSG00000124155.17,2,Repressed Quiescence
ENSG00000155749.12,2,Repressed Quiescence
ENSG00000028839.9,2,Repressed Quiescence
ENSG00000139826.5,2,Repressed Quiescence
ENSG00000167700.8,2,Repressed Quiescence
ENSG00000116406.18,2,Repressed Quiescence
ENSG00000179943.7,2,Repressed Quiescence
ENSG00000161036.12,2,Repressed Quiescence
ENSG00000106636.7,2,Repressed Quiescence
ENSG00000181754.6,2,Repressed Quiescence
ENSG00000133265.10,2,Repressed Quiescence
ENSG00000261208.1,2,Repressed Quiescence
ENSG00000176641.10,2,Repressed Quiescence
ENSG00000131368.7,2,Repressed Quiescence
ENSG00000156398.12,2,Repressed Quiescence
ENSG00000197045.12,2,Repressed Quiescence
ENSG00000257818.1,2,Repressed Quiescence
ENSG00000256633.1,2,Repressed Quiescence
ENSG00000115816.14,2,Repressed Quiescence
ENSG00000115561.15,2,Repressed Quiescence
ENSG00000214226.8,2,Repressed Quiescence
ENSG00000100364.18,2,Repressed Quiescence
ENSG00000196497.16,2,Repressed Quiescence
ENSG00000136897.7,2,Repressed Quiescence
ENSG00000144455.13,2,Repressed Quiescence
ENSG00000260314.2,2,Repressed Quiescence
ENSG00000204116.11,2,Repressed Quiescence
ENSG00000103064.14,2,Repressed Quiescence
ENSG00000241127.7,2,Repressed Quiescence
ENSG00000011566.14,2,Repressed Quiescence
ENSG00000162623.15,2,Repressed Quiescence
ENSG00000105926.15,2,Repressed Quiescence
ENSG00000147234.10,2,Repressed Quiescence
ENSG00000251194.2,2,Repressed Quiescence
ENSG00000165684.4,2,Repressed Quiescence
ENSG00000197321.14,2,Repressed Quiescence
ENSG00000149716.12,2,Repressed Quiescence
ENSG00000166337.9,2,Repressed Quiescence
ENSG00000120451.10,2,Repressed Quiescence
ENSG00000164142.15,3,Repressed Quiescence
ENSG00000151490.13,3,Repressed Quiescence
ENSG00000100298.15,3,Repressed Quiescence
ENSG00000108924.13,3,Repressed Quiescence
ENSG00000080200.9,3,Repressed Quiescence
ENSG00000188177.13,3,Repressed Quiescence
ENSG00000078589.12,3,Repressed Quiescence
ENSG00000026025.15,3,Repressed Quiescence
ENSG00000178878.12,3,Repressed Quiescence
ENSG00000104419.14,3,Repressed Quiescence
ENSG00000147408.14,3,Repressed Quiescence
ENSG00000165071.14,3,Repressed Quiescence
ENSG00000154165.4,3,Repressed Quiescence
ENSG00000229124.6,3,Repressed Quiescence
ENSG00000205413.7,3,Repressed Quiescence
ENSG00000276141.4,3,Repressed Quiescence
ENSG00000184898.6,3,Repressed Quiescence
ENSG00000100027.14,3,Repressed Quiescence
ENSG00000100346.17,3,Repressed Quiescence
ENSG00000137731.13,3,Repressed Quiescence
ENSG00000119950.20,3,Repressed Quiescence
ENSG00000101842.13,3,Repressed Quiescence
ENSG00000100485.11,3,Repressed Quiescence
ENSG00000197555.9,3,Repressed Quiescence
ENSG00000172005.10,3,Repressed Quiescence
ENSG00000133639.4,3,Repressed Quiescence
ENSG00000068489.12,4,Delayed Proliferative
ENSG00000166851.14,4,Delayed Proliferative
ENSG00000121957.13,4,Delayed Proliferative
ENSG00000186918.13,4,Delayed Proliferative
ENSG00000130592.15,4,Delayed Proliferative
ENSG00000100097.11,4,Delayed Proliferative
ENSG00000123080.10,4,Delayed Proliferative
ENSG00000140398.13,4,Delayed Proliferative
ENSG00000170873.18,4,Delayed Proliferative
ENSG00000024526.16,4,Delayed Proliferative
ENSG00000138764.14,4,Delayed Proliferative
ENSG00000085871.8,4,Delayed Proliferative
ENSG00000135245.9,4,Delayed Proliferative
ENSG00000131400.7,4,Delayed Proliferative
ENSG00000162373.12,4,Delayed Proliferative
ENSG00000114480.12,4,Delayed Proliferative
ENSG00000169499.14,4,Delayed Proliferative
ENSG00000113448.18,4,Delayed Proliferative
ENSG00000196754.10,4,Delayed Proliferative
ENSG00000140939.14,4,Delayed Proliferative
ENSG00000021355.12,4,Delayed Proliferative
ENSG00000094841.13,4,Delayed Proliferative
ENSG00000146021.14,4,Delayed Proliferative
ENSG00000135643.4,4,Delayed Proliferative
ENSG00000112378.11,4,Delayed Proliferative
ENSG00000117016.9,4,Delayed Proliferative
ENSG00000197093.10,4,Delayed Proliferative
ENSG00000112029.9,4,Delayed Proliferative
ENSG00000175938.6,4,Delayed Proliferative
ENSG00000138185.19,4,Delayed Proliferative
ENSG00000105668.7,4,Delayed Proliferative
ENSG00000176092.15,4,Delayed Proliferative
ENSG00000150764.13,4,Delayed Proliferative
ENSG00000172638.12,4,Delayed Proliferative
ENSG00000112984.11,4,Delayed Proliferative
ENSG00000140950.15,4,Delayed Proliferative
ENSG00000133247.13,4,Delayed Proliferative
ENSG00000196878.14,4,Delayed Proliferative
ENSG00000090238.11,4,Delayed Proliferative
ENSG00000144935.14,4,Delayed Proliferative
ENSG00000243629.1,4,Delayed Proliferative
ENSG00000162496.8,4,Delayed Proliferative
ENSG00000213347.10,4,Delayed Proliferative
ENSG00000198919.12,4,Delayed Proliferative
ENSG00000140564.11,4,Delayed Proliferative
ENSG00000008517.16,4,Delayed Proliferative
ENSG00000154898.15,4,Delayed Proliferative
ENSG00000140451.12,4,Delayed Proliferative
ENSG00000154760.13,4,Delayed Proliferative
ENSG00000170190.15,4,Delayed Proliferative
ENSG00000165185.14,4,Delayed Proliferative
ENSG00000060558.3,4,Delayed Proliferative
ENSG00000205593.11,4,Delayed Proliferative
ENSG00000164849.9,4,Delayed Proliferative
ENSG00000139531.12,4,Delayed Proliferative
ENSG00000033170.16,4,Delayed Proliferative
ENSG00000131378.13,4,Delayed Proliferative
ENSG00000214021.15,4,Delayed Proliferative
ENSG00000112303.13,4,Delayed Proliferative
ENSG00000185033.14,4,Delayed Proliferative
ENSG00000163040.14,4,Delayed Proliferative
ENSG00000158717.10,4,Delayed Proliferative
ENSG00000142798.19,4,Delayed Proliferative
ENSG00000127663.14,4,Delayed Proliferative
ENSG00000268573.1,4,Delayed Proliferative
ENSG00000205542.10,4,Delayed Proliferative
ENSG00000068971.13,4,Delayed Proliferative
ENSG00000272870.1,4,Delayed Proliferative
ENSG00000188559.14,4,Delayed Proliferative
ENSG00000225720.6,4,Delayed Proliferative
ENSG00000214193.10,4,Delayed Proliferative
ENSG00000102265.11,4,Delayed Proliferative
ENSG00000123384.13,4,Delayed Proliferative
ENSG00000124356.15,4,Delayed Proliferative
ENSG00000099840.13,4,Delayed Proliferative
ENSG00000101447.14,4,Delayed Proliferative
ENSG00000275379.1,4,Delayed Proliferative
ENSG00000134222.16,4,Delayed Proliferative
ENSG00000213859.5,4,Delayed Proliferative
ENSG00000189195.12,4,Delayed Proliferative
ENSG00000248323.6,4,Delayed Proliferative
ENSG00000280237.3,4,Delayed Proliferative
ENSG00000050438.16,4,Delayed Proliferative
ENSG00000187231.13,4,Delayed Proliferative
ENSG00000198089.15,4,Delayed Proliferative
ENSG00000102878.16,4,Delayed Proliferative
ENSG00000133874.1,4,Delayed Proliferative
ENSG00000095637.22,4,Delayed Proliferative
ENSG00000115548.16,4,Delayed Proliferative
ENSG00000155265.10,4,Delayed Proliferative
ENSG00000050426.15,4,Delayed Proliferative
ENSG00000186231.16,4,Delayed Proliferative
ENSG00000197930.12,4,Delayed Proliferative
ENSG00000196684.12,4,Delayed Proliferative
ENSG00000120051.14,4,Delayed Proliferative
ENSG00000167107.12,4,Delayed Proliferative
ENSG00000004777.18,4,Delayed Proliferative
ENSG00000123427.16,4,Delayed Proliferative
ENSG00000181192.11,4,Delayed Proliferative
ENSG00000155363.18,4,Delayed Proliferative
ENSG00000181201.3,4,Delayed Proliferative
ENSG00000085382.11,4,Delayed Proliferative
ENSG00000262370.5,4,Delayed Proliferative
ENSG00000105339.10,4,Delayed Proliferative
ENSG00000111344.11,4,Delayed Proliferative
ENSG00000131269.16,4,Delayed Proliferative
ENSG00000147872.9,4,Delayed Proliferative
ENSG00000185361.8,4,Delayed Proliferative
ENSG00000188322.4,4,Delayed Proliferative
ENSG00000164904.17,4,Delayed Proliferative
ENSG00000170265.11,4,Delayed Proliferative
ENSG00000103485.17,4,Delayed Proliferative
ENSG00000089012.14,4,Delayed Proliferative
ENSG00000220323.4,4,Delayed Proliferative
ENSG00000068796.16,4,Delayed Proliferative
ENSG00000183856.10,4,Delayed Proliferative
ENSG00000197880.8,4,Delayed Proliferative
ENSG00000151914.19,4,Delayed Proliferative
ENSG00000177103.13,4,Delayed Proliferative
ENSG00000106100.10,4,Delayed Proliferative
ENSG00000134107.4,4,Delayed Proliferative
ENSG00000108679.12,4,Delayed Proliferative
ENSG00000187091.13,4,Delayed Proliferative
ENSG00000157483.8,4,Delayed Proliferative
ENSG00000178623.11,4,Delayed Proliferative
ENSG00000176014.12,4,Delayed Proliferative
ENSG00000061656.9,4,Delayed Proliferative
ENSG00000146530.13,4,Delayed Proliferative
ENSG00000139714.12,4,Delayed Proliferative
ENSG00000161958.10,4,Delayed Proliferative
ENSG00000226791.6,4,Delayed Proliferative
ENSG00000065989.15,4,Delayed Proliferative
ENSG00000187475.5,4,Delayed Proliferative
ENSG00000157224.15,4,Delayed Proliferative
ENSG00000266088.5,4,Delayed Proliferative
ENSG00000102048.15,4,Delayed Proliferative
ENSG00000164512.17,4,Delayed Proliferative
ENSG00000173456.4,4,Delayed Proliferative
ENSG00000117305.14,4,Delayed Proliferative
ENSG00000106333.12,4,Delayed Proliferative
ENSG00000173281.4,4,Delayed Proliferative
ENSG00000119411.10,4,Delayed Proliferative
ENSG00000116514.16,4,Delayed Proliferative
ENSG00000221968.8,4,Delayed Proliferative
ENSG00000119326.14,4,Delayed Proliferative
ENSG00000157343.8,4,Delayed Proliferative
ENSG00000101639.18,4,Delayed Proliferative
ENSG00000044115.20,4,Delayed Proliferative
ENSG00000132965.9,4,Delayed Proliferative
ENSG00000168899.4,4,Delayed Proliferative
ENSG00000253320.6,4,Delayed Proliferative
ENSG00000253250.2,4,Delayed Proliferative
ENSG00000142687.17,4,Delayed Proliferative
ENSG00000227533.5,4,Delayed Proliferative
ENSG00000261286.1,4,Delayed Proliferative
ENSG00000168405.17,4,Delayed Proliferative
ENSG00000099992.15,4,Delayed Proliferative
ENSG00000230043.1,4,Delayed Proliferative
ENSG00000130270.16,4,Delayed Proliferative
ENSG00000184731.5,4,Delayed Proliferative
ENSG00000155366.16,4,Delayed Proliferative
ENSG00000186352.8,4,Delayed Proliferative
ENSG00000137642.12,4,Delayed Proliferative
ENSG00000137944.17,4,Delayed Proliferative
ENSG00000100439.10,4,Delayed Proliferative
ENSG00000158555.14,4,Delayed Proliferative
ENSG00000100055.20,4,Delayed Proliferative
ENSG00000158769.17,4,Delayed Proliferative
ENSG00000165475.14,4,Delayed Proliferative
ENSG00000113328.18,4,Delayed Proliferative
ENSG00000196187.11,4,Delayed Proliferative
ENSG00000150967.17,4,Delayed Proliferative
ENSG00000058668.14,4,Delayed Proliferative
ENSG00000132749.10,4,Delayed Proliferative
ENSG00000145287.10,4,Delayed Proliferative
ENSG00000198400.11,4,Delayed Proliferative
ENSG00000161638.10,4,Delayed Proliferative
ENSG00000179361.17,4,Delayed Proliferative
ENSG00000006327.13,4,Delayed Proliferative
ENSG00000230587.1,4,Delayed Proliferative
ENSG00000270882.2,4,Delayed Proliferative
ENSG00000151651.15,4,Delayed Proliferative
ENSG00000108175.16,4,Delayed Proliferative
ENSG00000180815.14,4,Delayed Proliferative
ENSG00000100311.16,4,Delayed Proliferative
ENSG00000235304.1,4,Delayed Proliferative
ENSG00000135365.15,4,Delayed Proliferative
ENSG00000258512.1,4,Delayed Proliferative
ENSG00000171703.16,4,Delayed Proliferative
ENSG00000228451.4,4,Delayed Proliferative
ENSG00000101493.10,4,Delayed Proliferative
ENSG00000183963.18,4,Delayed Proliferative
ENSG00000130363.11,4,Delayed Proliferative
ENSG00000149177.12,4,Delayed Proliferative
ENSG00000183691.4,4,Delayed Proliferative
ENSG00000160179.18,4,Delayed Proliferative
ENSG00000231672.6,4,Delayed Proliferative
ENSG00000215483.10,4,Delayed Proliferative
ENSG00000187045.18,4,Delayed Proliferative
ENSG00000170949.17,4,Delayed Proliferative
ENSG00000143850.14,4,Delayed Proliferative
ENSG00000136286.15,4,Delayed Proliferative
ENSG00000140678.16,4,Delayed Proliferative
ENSG00000066923.17,4,Delayed Proliferative
ENSG00000196405.12,4,Delayed Proliferative
ENSG00000082014.16,4,Delayed Proliferative
ENSG00000069399.14,4,Delayed Proliferative
ENSG00000075826.16,4,Delayed Proliferative
ENSG00000105369.9,4,Delayed Proliferative
ENSG00000135605.12,4,Delayed Proliferative
ENSG00000133243.8,4,Delayed Proliferative
ENSG00000151136.14,4,Delayed Proliferative
ENSG00000188994.12,4,Delayed Proliferative
ENSG00000155893.12,4,Delayed Proliferative
ENSG00000152078.9,4,Delayed Proliferative
ENSG00000124772.11,4,Delayed Proliferative
ENSG00000198938.2,4,Delayed Proliferative
ENSG00000034510.5,4,Delayed Proliferative
ENSG00000256742.1,4,Delayed Proliferative
ENSG00000185905.3,4,Delayed Proliferative
ENSG00000224383.7,4,Delayed Proliferative
ENSG00000185418.15,4,Delayed Proliferative
ENSG00000102144.14,4,Delayed Proliferative
ENSG00000145014.17,4,Delayed Proliferative
ENSG00000135631.16,4,Delayed Proliferative
ENSG00000167780.11,4,Delayed Proliferative
ENSG00000167733.13,4,Delayed Proliferative
ENSG00000177879.15,4,Delayed Proliferative
ENSG00000139832.4,4,Delayed Proliferative
ENSG00000075618.17,4,Delayed Proliferative
ENSG00000189423.12,4,Delayed Proliferative
ENSG00000262001.1,4,Delayed Proliferative
ENSG00000079432.7,4,Delayed Proliferative
ENSG00000163960.11,4,Delayed Proliferative
ENSG00000182489.8,4,Delayed Proliferative
ENSG00000095951.16,4,Delayed Proliferative
ENSG00000138640.14,4,Delayed Proliferative
ENSG00000166839.16,4,Delayed Proliferative
ENSG00000259030.7,4,Delayed Proliferative
ENSG00000175984.14,4,Delayed Proliferative
ENSG00000250151.9,4,Delayed Proliferative
ENSG00000134668.12,4,Delayed Proliferative
ENSG00000101210.11,4,Delayed Proliferative
ENSG00000104881.15,4,Delayed Proliferative
ENSG00000186814.13,4,Delayed Proliferative
ENSG00000186648.14,4,Delayed Proliferative
ENSG00000196154.11,4,Delayed Proliferative
ENSG00000276231.4,4,Delayed Proliferative
ENSG00000014914.20,4,Delayed Proliferative
ENSG00000187653.11,4,Delayed Proliferative
ENSG00000105088.8,4,Delayed Proliferative
ENSG00000118308.15,4,Delayed Proliferative
ENSG00000161940.10,4,Delayed Proliferative
ENSG00000153363.12,4,Delayed Proliferative
ENSG00000179820.15,4,Delayed Proliferative
ENSG00000100003.17,4,Delayed Proliferative
ENSG00000104738.17,5,Delayed Proliferative
ENSG00000198554.11,5,Delayed Proliferative
ENSG00000012048.21,5,Delayed Proliferative
ENSG00000092853.13,5,Delayed Proliferative
ENSG00000114346.13,5,Delayed Proliferative
ENSG00000142731.10,5,Delayed Proliferative
ENSG00000156802.12,5,Delayed Proliferative
ENSG00000140525.17,5,Delayed Proliferative
ENSG00000136492.8,5,Delayed Proliferative
ENSG00000092470.11,5,Delayed Proliferative
ENSG00000122952.16,5,Delayed Proliferative
ENSG00000123374.10,5,Delayed Proliferative
ENSG00000085840.12,5,Delayed Proliferative
ENSG00000010610.9,5,Delayed Proliferative
ENSG00000102384.13,5,Delayed Proliferative
ENSG00000176208.8,5,Delayed Proliferative
ENSG00000184640.17,5,Delayed Proliferative
ENSG00000123338.12,5,Delayed Proliferative
ENSG00000167325.14,5,Delayed Proliferative
ENSG00000051341.13,5,Delayed Proliferative
ENSG00000119969.14,5,Delayed Proliferative
ENSG00000138346.14,5,Delayed Proliferative
ENSG00000184445.11,5,Delayed Proliferative
ENSG00000153044.9,5,Delayed Proliferative
ENSG00000123473.15,5,Delayed Proliferative
ENSG00000075702.17,5,Delayed Proliferative
ENSG00000185480.11,5,Delayed Proliferative
ENSG00000125319.14,5,Delayed Proliferative
ENSG00000151725.11,5,Delayed Proliferative
ENSG00000092036.18,5,Delayed Proliferative
ENSG00000104814.12,5,Delayed Proliferative
ENSG00000276043.4,5,Delayed Proliferative
ENSG00000121621.6,5,Delayed Proliferative
ENSG00000146143.17,5,Delayed Proliferative
ENSG00000143476.17,5,Delayed Proliferative
ENSG00000023892.10,5,Delayed Proliferative
ENSG00000112742.9,5,Delayed Proliferative
ENSG00000164109.13,5,Delayed Proliferative
ENSG00000129810.14,5,Delayed Proliferative
ENSG00000101079.20,5,Delayed Proliferative
ENSG00000159259.7,5,Delayed Proliferative
ENSG00000134291.11,5,Delayed Proliferative
ENSG00000184635.15,5,Delayed Proliferative
ENSG00000125885.13,5,Delayed Proliferative
ENSG00000167513.8,5,Delayed Proliferative
ENSG00000146263.11,5,Delayed Proliferative
ENSG00000074054.18,5,Delayed Proliferative
ENSG00000172725.13,5,Delayed Proliferative
ENSG00000196465.10,5,Delayed Proliferative
ENSG00000146670.9,5,Delayed Proliferative
ENSG00000166508.17,5,Delayed Proliferative
ENSG00000172053.17,5,Delayed Proliferative
ENSG00000221829.9,5,Delayed Proliferative
ENSG00000128829.11,5,Delayed Proliferative
ENSG00000111445.13,5,Delayed Proliferative
ENSG00000178202.12,5,Delayed Proliferative
ENSG00000125354.22,5,Delayed Proliferative
ENSG00000094804.10,5,Delayed Proliferative
ENSG00000168067.11,5,Delayed Proliferative
ENSG00000125637.15,5,Delayed Proliferative
ENSG00000105173.13,5,Delayed Proliferative
ENSG00000130517.13,5,Delayed Proliferative
ENSG00000174371.16,5,Delayed Proliferative
ENSG00000110448.10,5,Delayed Proliferative
ENSG00000149636.15,5,Delayed Proliferative
ENSG00000176974.19,5,Delayed Proliferative
ENSG00000099797.14,5,Delayed Proliferative
ENSG00000147536.11,5,Delayed Proliferative
ENSG00000139618.14,5,Delayed Proliferative
ENSG00000196584.2,5,Delayed Proliferative
ENSG00000138658.15,5,Delayed Proliferative
ENSG00000182628.12,5,Delayed Proliferative
ENSG00000198056.13,5,Delayed Proliferative
ENSG00000106367.14,5,Delayed Proliferative
ENSG00000163507.13,5,Delayed Proliferative
ENSG00000112312.9,5,Delayed Proliferative
ENSG00000135119.14,5,Delayed Proliferative
ENSG00000131374.14,5,Delayed Proliferative
ENSG00000101003.9,5,Delayed Proliferative
ENSG00000171241.8,5,Delayed Proliferative
ENSG00000100092.22,5,Delayed Proliferative
ENSG00000149554.12,5,Delayed Proliferative
ENSG00000137078.8,5,Delayed Proliferative
ENSG00000159164.9,5,Delayed Proliferative
ENSG00000151503.12,5,Delayed Proliferative
ENSG00000172731.13,5,Delayed Proliferative
ENSG00000197275.13,5,Delayed Proliferative
ENSG00000112640.14,5,Delayed Proliferative
ENSG00000146410.11,5,Delayed Proliferative
ENSG00000167984.17,5,Delayed Proliferative
ENSG00000002834.17,5,Delayed Proliferative
ENSG00000167670.15,5,Delayed Proliferative
ENSG00000111843.13,5,Delayed Proliferative
ENSG00000197299.11,5,Delayed Proliferative
ENSG00000165304.7,5,Delayed Proliferative
ENSG00000176393.10,5,Delayed Proliferative
ENSG00000197043.13,5,Delayed Proliferative
ENSG00000105755.7,5,Delayed Proliferative
ENSG00000168904.14,5,Delayed Proliferative
ENSG00000196743.8,5,Delayed Proliferative
ENSG00000105011.8,5,Delayed Proliferative
ENSG00000105486.13,5,Delayed Proliferative
ENSG00000101412.12,5,Delayed Proliferative
ENSG00000104812.14,5,Delayed Proliferative
ENSG00000166483.10,5,Delayed Proliferative
ENSG00000139641.12,5,Delayed Proliferative
ENSG00000076003.4,5,Delayed Proliferative
ENSG00000162073.13,5,Delayed Proliferative
ENSG00000247240.7,5,Delayed Proliferative
ENSG00000144199.11,5,Delayed Proliferative
ENSG00000127946.16,5,Delayed Proliferative
ENSG00000167460.15,5,Delayed Proliferative
ENSG00000124067.16,5,Delayed Proliferative
ENSG00000014216.15,5,Delayed Proliferative
ENSG00000100479.12,5,Delayed Proliferative
ENSG00000160051.11,5,Delayed Proliferative
ENSG00000111640.14,5,Delayed Proliferative
ENSG00000144354.13,5,Delayed Proliferative
ENSG00000183763.8,5,Delayed Proliferative
ENSG00000151849.14,5,Delayed Proliferative
ENSG00000139625.12,5,Delayed Proliferative
ENSG00000111247.14,5,Delayed Proliferative
ENSG00000166451.13,5,Delayed Proliferative
ENSG00000128951.13,5,Delayed Proliferative
ENSG00000065328.16,5,Delayed Proliferative
ENSG00000186517.13,5,Delayed Proliferative
ENSG00000186638.16,5,Delayed Proliferative
ENSG00000134996.11,5,Delayed Proliferative
ENSG00000175463.11,5,Delayed Proliferative
ENSG00000100714.15,5,Delayed Proliferative
ENSG00000051180.16,5,Delayed Proliferative
ENSG00000144554.10,5,Delayed Proliferative
ENSG00000085999.11,5,Delayed Proliferative
ENSG00000074370.17,5,Delayed Proliferative
ENSG00000198951.11,5,Delayed Proliferative
ENSG00000140368.12,5,Delayed Proliferative
ENSG00000120899.17,5,Delayed Proliferative
ENSG00000120334.15,5,Delayed Proliferative
ENSG00000103876.12,5,Delayed Proliferative
ENSG00000093009.9,5,Delayed Proliferative
ENSG00000184584.12,5,Delayed Proliferative
ENSG00000164087.7,5,Delayed Proliferative
ENSG00000131470.14,5,Delayed Proliferative
ENSG00000137700.18,5,Delayed Proliferative
ENSG00000175643.9,5,Delayed Proliferative
ENSG00000181544.14,5,Delayed Proliferative
ENSG00000105514.7,5,Delayed Proliferative
ENSG00000159147.17,5,Delayed Proliferative
ENSG00000141401.11,5,Delayed Proliferative
ENSG00000160014.16,5,Delayed Proliferative
ENSG00000144395.17,5,Delayed Proliferative
ENSG00000047230.14,5,Delayed Proliferative
ENSG00000055163.19,5,Delayed Proliferative
ENSG00000147130.14,5,Delayed Proliferative
ENSG00000151882.11,5,Delayed Proliferative
ENSG00000121064.12,5,Delayed Proliferative
ENSG00000136982.5,5,Delayed Proliferative
ENSG00000228716.6,5,Delayed Proliferative
ENSG00000140025.15,5,Delayed Proliferative
ENSG00000135723.13,5,Delayed Proliferative
ENSG00000136824.18,5,Delayed Proliferative
ENSG00000137563.11,5,Delayed Proliferative
ENSG00000108479.11,5,Delayed Proliferative
ENSG00000050405.13,5,Delayed Proliferative
ENSG00000138175.8,5,Delayed Proliferative
ENSG00000089597.17,5,Delayed Proliferative
ENSG00000131944.9,5,Delayed Proliferative
ENSG00000177602.5,5,Delayed Proliferative
ENSG00000126001.15,5,Delayed Proliferative
ENSG00000170264.12,5,Delayed Proliferative
ENSG00000169220.17,5,Delayed Proliferative
ENSG00000009790.14,5,Delayed Proliferative
ENSG00000173020.10,5,Delayed Proliferative
ENSG00000160957.12,5,Delayed Proliferative
ENSG00000196961.12,5,Delayed Proliferative
ENSG00000062822.13,5,Delayed Proliferative
ENSG00000101082.13,5,Delayed Proliferative
ENSG00000154920.14,5,Delayed Proliferative
ENSG00000082458.11,5,Delayed Proliferative
ENSG00000127423.10,5,Delayed Proliferative
ENSG00000130770.17,5,Delayed Proliferative
ENSG00000140365.15,5,Delayed Proliferative
ENSG00000173207.12,5,Delayed Proliferative
ENSG00000101945.16,5,Delayed Proliferative
ENSG00000108306.12,5,Delayed Proliferative
ENSG00000091651.8,5,Delayed Proliferative
ENSG00000138092.10,5,Delayed Proliferative
ENSG00000165804.15,5,Delayed Proliferative
ENSG00000198715.12,5,Delayed Proliferative
ENSG00000127824.13,5,Delayed Proliferative
ENSG00000196081.9,5,Delayed Proliferative
ENSG00000111602.11,5,Delayed Proliferative
ENSG00000127564.16,5,Delayed Proliferative
ENSG00000096092.5,5,Delayed Proliferative
ENSG00000180182.10,5,Delayed Proliferative
ENSG00000109881.16,5,Delayed Proliferative
ENSG00000165480.15,5,Delayed Proliferative
ENSG00000185386.14,5,Delayed Proliferative
ENSG00000125871.13,5,Delayed Proliferative
ENSG00000125967.16,5,Delayed Proliferative
ENSG00000203760.8,5,Delayed Proliferative
ENSG00000173442.12,5,Delayed Proliferative
ENSG00000123352.17,5,Delayed Proliferative
ENSG00000160949.16,5,Delayed Proliferative
ENSG00000213967.10,5,Delayed Proliferative
ENSG00000106397.11,5,Delayed Proliferative
ENSG00000183011.13,5,Delayed Proliferative
ENSG00000166004.14,5,Delayed Proliferative
ENSG00000132383.11,5,Delayed Proliferative
ENSG00000152240.12,5,Delayed Proliferative
ENSG00000126522.16,5,Delayed Proliferative
ENSG00000156515.23,5,Delayed Proliferative
ENSG00000077152.10,5,Delayed Proliferative
ENSG00000101057.15,5,Delayed Proliferative
ENSG00000169692.12,5,Delayed Proliferative
ENSG00000097046.12,5,Delayed Proliferative
ENSG00000015285.10,5,Delayed Proliferative
ENSG00000213445.9,5,Delayed Proliferative
ENSG00000079739.16,5,Delayed Proliferative
ENSG00000143195.12,5,Delayed Proliferative
ENSG00000181773.6,5,Delayed Proliferative
ENSG00000213988.10,5,Delayed Proliferative
ENSG00000139193.3,5,Delayed Proliferative
ENSG00000139626.15,5,Delayed Proliferative
ENSG00000113368.11,5,Delayed Proliferative
ENSG00000139178.10,5,Delayed Proliferative
ENSG00000177084.16,5,Delayed Proliferative
ENSG00000110880.10,5,Delayed Proliferative
ENSG00000166803.12,5,Delayed Proliferative
ENSG00000164111.14,5,Delayed Proliferative
ENSG00000189057.10,5,Delayed Proliferative
ENSG00000139266.5,5,Delayed Proliferative
ENSG00000007312.12,5,Delayed Proliferative
ENSG00000099194.5,5,Delayed Proliferative
ENSG00000213468.6,5,Delayed Proliferative
ENSG00000128596.16,5,Delayed Proliferative
ENSG00000105255.10,5,Delayed Proliferative
ENSG00000164045.11,5,Delayed Proliferative
ENSG00000186871.6,5,Delayed Proliferative
ENSG00000077514.8,5,Delayed Proliferative
ENSG00000125089.16,5,Delayed Proliferative
ENSG00000121211.7,5,Delayed Proliferative
ENSG00000183688.4,5,Delayed Proliferative
ENSG00000176834.13,5,Delayed Proliferative
ENSG00000066697.14,5,Delayed Proliferative
ENSG00000119640.8,5,Delayed Proliferative
ENSG00000163923.9,5,Delayed Proliferative
ENSG00000131153.8,5,Delayed Proliferative
ENSG00000155099.7,5,Delayed Proliferative
ENSG00000134779.14,5,Delayed Proliferative
ENSG00000185201.16,5,Delayed Proliferative
ENSG00000126453.9,5,Delayed Proliferative
ENSG00000108828.15,5,Delayed Proliferative
ENSG00000175322.11,5,Delayed Proliferative
ENSG00000167083.6,5,Delayed Proliferative
ENSG00000145088.8,5,Delayed Proliferative
ENSG00000267383.6,5,Delayed Proliferative
ENSG00000196678.13,5,Delayed Proliferative
ENSG00000213190.3,5,Delayed Proliferative
ENSG00000180914.10,5,Delayed Proliferative
ENSG00000196951.10,5,Delayed Proliferative
ENSG00000136715.18,5,Delayed Proliferative
ENSG00000281344.1,5,Delayed Proliferative
ENSG00000149782.11,5,Delayed Proliferative
ENSG00000160191.17,5,Delayed Proliferative
ENSG00000114353.16,5,Delayed Proliferative
ENSG00000119333.11,5,Delayed Proliferative
ENSG00000128408.8,5,Delayed Proliferative
ENSG00000170464.9,5,Delayed Proliferative
ENSG00000133739.15,5,Delayed Proliferative
ENSG00000196535.16,5,Delayed Proliferative
ENSG00000167815.11,5,Delayed Proliferative
ENSG00000090097.21,5,Delayed Proliferative
ENSG00000185222.9,5,Delayed Proliferative
ENSG00000109103.11,5,Delayed Proliferative
ENSG00000197183.14,5,Delayed Proliferative
ENSG00000071246.10,5,Delayed Proliferative
ENSG00000213977.7,5,Delayed Proliferative
ENSG00000198830.10,5,Delayed Proliferative
ENSG00000177383.4,5,Delayed Proliferative
ENSG00000187630.16,5,Delayed Proliferative
ENSG00000280123.1,5,Delayed Proliferative
ENSG00000107874.10,5,Delayed Proliferative
ENSG00000166501.13,5,Delayed Proliferative
ENSG00000160685.13,5,Delayed Proliferative
ENSG00000138030.12,5,Delayed Proliferative
ENSG00000240344.8,5,Delayed Proliferative
ENSG00000182185.18,5,Delayed Proliferative
ENSG00000186063.12,5,Delayed Proliferative
ENSG00000110080.18,5,Delayed Proliferative
ENSG00000130175.9,5,Delayed Proliferative
ENSG00000111669.14,5,Delayed Proliferative
ENSG00000147155.10,5,Delayed Proliferative
ENSG00000175305.17,5,Delayed Proliferative
ENSG00000158623.14,5,Delayed Proliferative
ENSG00000170899.10,5,Delayed Proliferative
ENSG00000160446.18,5,Delayed Proliferative
ENSG00000075188.8,5,Delayed Proliferative
ENSG00000160255.17,5,Delayed Proliferative
ENSG00000164985.14,5,Delayed Proliferative
ENSG00000159618.15,5,Delayed Proliferative
ENSG00000143158.10,5,Delayed Proliferative
ENSG00000171320.14,5,Delayed Proliferative
ENSG00000160447.6,5,Delayed Proliferative
ENSG00000103202.12,5,Delayed Proliferative
ENSG00000169750.8,5,Delayed Proliferative
ENSG00000151929.9,5,Delayed Proliferative
ENSG00000256663.1,5,Delayed Proliferative
ENSG00000164978.17,5,Delayed Proliferative
ENSG00000198925.11,5,Delayed Proliferative
ENSG00000087299.11,5,Delayed Proliferative
ENSG00000166452.11,5,Delayed Proliferative
ENSG00000213123.10,5,Delayed Proliferative
ENSG00000116273.5,5,Delayed Proliferative
ENSG00000187741.14,5,Delayed Proliferative
ENSG00000128309.16,5,Delayed Proliferative
ENSG00000126970.15,5,Delayed Proliferative
ENSG00000233621.1,5,Delayed Proliferative
ENSG00000115355.16,5,Delayed Proliferative
ENSG00000106399.11,5,Delayed Proliferative
ENSG00000143797.11,5,Delayed Proliferative
ENSG00000072062.13,5,Delayed Proliferative
ENSG00000104147.8,5,Delayed Proliferative
ENSG00000142856.16,5,Delayed Proliferative
ENSG00000188130.13,5,Delayed Proliferative
ENSG00000007968.6,5,Delayed Proliferative
ENSG00000081870.11,5,Delayed Proliferative
ENSG00000170043.11,5,Delayed Proliferative
ENSG00000134594.4,5,Delayed Proliferative
ENSG00000177728.16,5,Delayed Proliferative
ENSG00000197077.13,5,Delayed Proliferative
ENSG00000011478.11,5,Delayed Proliferative
ENSG00000116793.15,5,Delayed Proliferative
ENSG00000174684.6,5,Delayed Proliferative
ENSG00000106991.13,5,Delayed Proliferative
ENSG00000181035.13,5,Delayed Proliferative
ENSG00000108798.8,5,Delayed Proliferative
ENSG00000183077.15,5,Delayed Proliferative
ENSG00000132016.11,5,Delayed Proliferative
ENSG00000180964.16,5,Delayed Proliferative
ENSG00000144677.14,5,Delayed Proliferative
ENSG00000032444.16,5,Delayed Proliferative
ENSG00000176871.8,5,Delayed Proliferative
ENSG00000172687.13,5,Delayed Proliferative
ENSG00000182093.15,5,Delayed Proliferative
ENSG00000124767.6,5,Delayed Proliferative
ENSG00000064102.14,5,Delayed Proliferative
ENSG00000100162.14,5,Delayed Proliferative
ENSG00000152782.16,5,Delayed Proliferative
ENSG00000205544.3,5,Delayed Proliferative
ENSG00000166925.8,5,Delayed Proliferative
ENSG00000240024.5,5,Delayed Proliferative
ENSG00000138801.8,5,Delayed Proliferative
ENSG00000136854.20,5,Delayed Proliferative
ENSG00000166311.9,5,Delayed Proliferative
ENSG00000181019.12,5,Delayed Proliferative
ENSG00000198934.4,5,Delayed Proliferative
ENSG00000101224.17,5,Delayed Proliferative
ENSG00000198853.11,5,Delayed Proliferative
ENSG00000075340.22,5,Delayed Proliferative
ENSG00000233924.1,5,Delayed Proliferative
ENSG00000142669.14,5,Delayed Proliferative
ENSG00000164649.19,5,Delayed Proliferative
ENSG00000173221.13,5,Delayed Proliferative
ENSG00000094916.15,5,Delayed Proliferative
ENSG00000172244.8,5,Delayed Proliferative
ENSG00000140848.16,5,Delayed Proliferative
ENSG00000106144.19,5,Delayed Proliferative
ENSG00000167508.11,5,Delayed Proliferative
ENSG00000160293.16,5,Delayed Proliferative
ENSG00000111328.6,5,Delayed Proliferative
